chrono_rank,id,title,duration_s,views,series,named_cars,make_model,vehicle_type,power,activity,hp_in_title,et_hint_in_title,mph_in_title
1873,A5ESPceJPLQ,"FL2K26 Day 3: Leroy RUNS, and Made INSANE Power! Rushing Him to the Track!",2853,740000,fl2k,leroy,,,,,,,
1872,K5x03LJhkjI,FL2K26 Days 1 & 2: Mullet vs. Eagle Grudge Race! Leroy Has Problems...,3187,1400000,fl2k,leroy|mullet|eagle,,,,failure_or_crash|race_vs,,,
1871,aEdFIigQk9g,"Testing Mullet's NEW 4,000hp Big Block... He's FLYING!",1778,1500000,,mullet,,,big_block,,4000,,
1870,PxE5quw5IoM,"Mullet's NEW 4,000hp Big Block First Fire Up!",1413,1200000,,mullet,,,big_block,first_fire,4000,,
1869,fzddx_3njA4,"Leroy's NEW 3,000 Horsepower Billet LS is Insane!!!",1813,1500000,,leroy,,,ls,,3000,,
1868,gyko2w_-LTc,Aftermath of CBoysTV Compound Swap,2605,3600000,,,,,engine_swap,build,,,
1867,YvOnOVPMUsw,24 Hour Compound Swap With CBoysTV,5313,3700000,,,,,engine_swap,build,,,
1866,vEXdh4d6AdM,Cleet vs. Squirrel Semi Truck Race Part 2,4176,1800000,,,semi_truck,,,race_vs,,,
1865,Ec4KFvtwI9E,Cleet vs. Squirrel Semi Truck Race Part 1,2346,1900000,,,semi_truck,,,race_vs,,,
1864,6_quJlgCSC0,Mullet's NEW Big Block Will Turn the Earth Backwards!,2280,2000000,,mullet,,,big_block,,,,
1863,w4q6pp2mesc,Return of the Cheap Racecar Challenge Turbo Mustang! + INSANE ZR1 Runs!,2356,2100000,cheap_racecar_challenge,,corvette|mustang,,turbo,,,,
1862,-lAIY_z99y8,We Blew Up His Favorite Car!,2975,2300000,,,,,,failure_or_crash,,,
1861,y4ZHcJu67DU,I've Been Hiding This From You...,2388,2100000,,,,,,,,,
1860,MI0YTuJbkl8,This Might've Ruined Our Friendship...,5096,,,,,,,,,,
1859,5ibvcauFris,Leroy's New BILLET Transmission & Lumberjack's BEST PASS EVER!!!,3111,2100000,,leroy|lumberjack,,,,drag_pass,,,
1858,6YFENfyphDc,I Might've Gone a Little Overboard...,3445,2800000,,,,,,,,,
1857,a5JpygUOet0,Dale Earnhardt Jr. Visits The Freedom Factory (Underdressed),2527,,freedom_factory|nascar_oval,,,,,,,,
1856,ZTuZc5Sp1fo,"Cheap Racecar Challenge Ep.8 - Tye's ""Cheap"" Turbo System, S10 8.8 Rear End Install!",3206,2300000,cheap_racecar_challenge,,chevy_truck,,turbo,build,,,
1855,RZBVJlEPN_o,I HAD To Make This Deal...,1831,1400000,,,,,,purchase,,,
1854,hCQOqrwHJAA,I Was Born For This!,2736,1400000,,,,,,,,,
1853,jwjukLRso_E,The Week of Destruction... Charger EV and Late Model WRECKED!,3190,1500000,nascar_oval,,mopar|ev,,,failure_or_crash,,,
1852,v9EsgOH24eg,"I Wrecked a $300,000 Sand Car…",2443,1600000,,,,offroad_utv,,failure_or_crash,,,
1851,iujef9YTero,Maxxing Out The Sketchiest Car I Own!,2015,1300000,,,,,,,,,
1850,L5masdaRqo4,We FINALLY Got One of These...,2242,1500000,,,,,,,,,
1849,DQ2YT_RjRtI,The Fastest Used Car In America!,2489,1600000,,,,,,,,,
1848,3Q92mqVaTB8,We Wrecked the Blackwing...,2531,1400000,,,cadillac,,,failure_or_crash,,,
1847,ieef4f8E8VY,Brand NEW Polaris Pro R BOOST First Ride (60mm Turbo!),1447,1000000,,,,offroad_utv,turbo,,,,
1846,uiWaWm4HGK8,My NEW Racecar Is Absolutely Insane...,1918,1200000,,,,,,,,,
1845,u5GsbXqoqTE,Testing The Worst Car In America,1889,2100000,,,,,,,,,
1844,PTORqnT_zT4,Cheap Racecar Challenge Ep.7 - The Sideways Turbo Disaster... Jackstand's 240 Is Alive!!!,3657,2400000,cheap_racecar_challenge,jackstand_240,nissan,,turbo,first_fire|failure_or_crash,,,
1843,lFdD5FcWO6c,This May Have Ruined Our Friendship...,2548,1500000,,,,,,,,,
1842,-ncsD_KGrxQ,We Bought The Worst Car in America!,3729,2100000,,,,,,purchase,,,
1841,B4_rrGGLfSQ,The Oldest Trick In The Book...,3164,1800000,,,,,,,,,
1840,Ag_rs0qxw9g,Lumberjack's New Upgrades RIPPING At the Dragstrip!,2266,1400000,,lumberjack,,,,build,,,
1839,JguV0Y7ZbD0,Cheap Racecar Challenge Ep.6 - Should Tye's Mustang Be Penalized? S10 Twin Turbo Updates!,2752,1800000,cheap_racecar_challenge,,mustang|chevy_truck,,turbo,,,,
1838,jm35hDhflhY,Selling My Toys For Something Big...,1509,1300000,,,,,,,,,
1837,A2DQ9xhNxNw,Testing Lumberjack's NEW Upgrades Couldn't Have Gone Better!,1661,1500000,,lumberjack,,,,build,,,
1836,F2Q32aq-sww,We’re Trusting You Guys With This Decision,1710,1300000,,,,,,,,,
1835,0U1b_A-uhGw,Nitrous On Our Camaro Had INSANE Gains! + New Technology Announcement,1003,1000000,,,camaro,,nitrous,,,,
1834,cYjYdgaHgfQ,McFlurry Testing Went Badly... May Have to Rename This Car,2370,1400000,,mcflurry,,,,,,,
1833,fLFD8Q0nthA,"Cheap Racecar Challenge Ep.5 - Jackstand's ""NEW"" Engine, Tye Gets a ""Scratch & Dent"" Suspension...",2815,2000000,cheap_racecar_challenge,jackstand_240,,,,,,,
1832,X9TtC_9nHxk,This Idea Will Change Leroy Forever...,1768,1200000,,leroy,,,,,,,
1831,EX2AyoWHAlQ,Here's Why Mullet's Engine Blew...,1575,1400000,,mullet,,,,failure_or_crash,,,
1830,IpdNg3I0b8k,Mullet's First Pass on BIG TIRES Was INSANE!!!,1887,1700000,,mullet,,,,drag_pass,,,
1829,JTRGV4vTNJs,This May Have Been a Huge Mistake...,1829,1200000,,,,,,,,,
1828,TcbIHzktE18,My First Award At a NASCAR Race!,2524,1100000,nascar_oval,,,,,race_vs,,,
1827,--_pfzgHzM4,Fixing My Brother's Brand New Truck I Accidentally Shot,5218,1500000,,,,,,build,,,
1826,xbkCg1uZLj8,McFlurry's Most POWERFUL Engine & Turbo Setup Yet!,2050,1300000,,mcflurry,,,turbo,,,,
1825,WqmcOEQXOS0,FINALLY Revealing My Rarest Car!,1952,1600000,,,,,,,,,
1824,NpjGme1cU8A,I BLEW IT at Nashville NASCAR…,2677,1000000,nascar_oval,,,,,failure_or_crash,,,
1823,1DL_XEuSOGU,"Cheap Racecar Challenge Ep.4 - S10 Rollcage & LS Swap, Jackstand's 240 Mysteriously Goes ""Missing""",1449,1600000,cheap_racecar_challenge,jackstand_240,chevy_truck|nissan,,ls|engine_swap,build,,,
1822,LNUIyjhLFso,Building the Cleet and Squirrel Big Block Food Truck!,2551,1200000,,,,,big_block,build,,,
1821,mYug-RuQxnY,"I'm Selling My 5,000 Horsepower Camaro",6237,1600000,,,camaro,,,,5000,,
1820,NrfgNJ7DIm4,I FINALLY Got One of These...,1869,1400000,,,,,,,,,
1819,nvyVJzbWQtg,"Letting NASCAR Drivers Try My 1,500 Horsepower Drag Car!",2010,1800000,nascar_oval,,,,,drag_pass,1500,,
1818,r2J5P7OYxao,I Might’ve Gone Overboard On This…,1132,1100000,,,,,,,,,
1817,oNrgCP_ZrW8,Airport Dream House Ep.16 - MOVING IN!,1998,1700000,,,,aircraft,,,,,
1816,F1pY9m1yhWM,Cheap Racecar Challenge Ep.3 - Cleet & Squirrel's New Vehicle,1726,1800000,cheap_racecar_challenge,,,,,,,,
1815,UtDkNBpyvr0,Blew My Engine Transporting My Swans,1711,1300000,,,,,,failure_or_crash,,,
1814,_D8Ts6G148k,This SLEEPER Had My Friends Shocked!,2438,1600000,,,,,,,,,
1813,3-jxim8ceFU,We've Been Wanting To Do This For Years...,1378,1200000,,,,,,,,,
1812,oyFAcFPlSls,Racing Cars With T-Pain!,2199,,,,,,,race_vs,,,
1811,FdIr8Jvr1LU,Corvette ZR1 vs. Mustang GTD Track Battle,2586,,,,corvette|mustang,,,race_vs,,,
1810,3x2c7UtOU6c,My Helicopter Never Sold... So I Upgraded It!,1726,1200000,,,,aircraft,,,,,
1809,oM1du8PE8_U,Cheap Boat Challenge Part 3 - Ended Terribly Wrong,2673,,,,,boat,,,,,
1808,VSlmKhg0sGk,Cheap Boat Challenge Part 2,1403,1400000,,,,boat,,,,,
1807,roFQc_OFQYE,Mr. Sam is Gonna Slash My Tires...,2560,1200000,,,,,,,,,
1806,hrFeviO-72U,Cheap Boat Challenge Part 1,2009,1800000,,,,boat,,,,,
1805,Xmue_fgzbxc,Secretly Modifying My Wife's New Daily!,1905,2000000,,,,,,,,,
1804,jEbXHd5WaMc,"We Had a Wreck Today, Putting Things on Hold",444,1800000,,,,,,failure_or_crash,,,
1803,forvQJqEvGg,Cheap Racecar Challenge Ep.2 - The Van is HEAVY... We Might Be In Trouble,3289,2200000,cheap_racecar_challenge,,,,,,,,
1802,s3Rrh48vcww,We Lost Kyle Loftis,295,2600000,,,,,,,,,
1801,wpIJTkALloc,I Tried to Backflip a Dirt Bike at Pastranaland!,1897,1500000,,,,motorcycle,,,,,
1800,bqR1YrY8RNU,Is This The Dumbest Idea We've Ever Had?,1676,1200000,,,,,,,,,
1799,6xLi1LYXc_A,Mullet's New Paint Job is UNREAL!,1833,1300000,,mullet,,,,,,,
1798,geuWzFpnQNQ,"Cheap Racecar Challenge Ep.1 - How Fast Can You Go For $15,000",2328,2300000,cheap_racecar_challenge,,,,,,,,
1797,dmV9sMlt2I0,We've Been Hiding This From You....,2461,1500000,,,,,,,,,
1796,8FFwqm17Vow,Testing My Modded C8 ZR1! + Cheap Car Challenge Rules Meeting,2783,1300000,cheap_racecar_challenge,,corvette,,,,,,
1795,3A0bk69KMGY,I Almost Won at Talladega Super Speedway!,2555,1200000,,,,,,,,,
1794,SDm9BLC5zMo,We Secretly Made This Car For Mr. Sam!,1511,1400000,,,,,,,,,
1793,7UiMbovoR1E,"I Got a $400,000 Porsche For FREE!",1289,1100000,,,porsche,,,,,,
1792,6_ed6i4FgmA,"Airport Dream House Ep.15 - The Finishing Touches, This Upgrade Made a MAJOR Difference!",3989,1800000,,,,aircraft,,build,,,
1791,fVxd3by3OPM,Surprising My Old Boss With His Dream Car!,2993,2000000,,,,,,,,,
1790,tWcLB9Kye5Q,The Greatest Save of My NASCAR Career!,2682,1200000,nascar_oval,,,,,,,,
1789,k6FXEP9vZ1Y,I Accidentally Destroyed EVERYTHING On Lumberjack...,1896,1400000,,lumberjack,,,,failure_or_crash,,,
1788,HaOjQViG5SE,"Scaring Freedom Factory Patrons In My 1,000hp Blackwing!",2500,1100000,freedom_factory,,cadillac,,,,1000,,
1787,pa7WNmNeDIc,My Hayabusa Mini Truck Just Got INSANE Upgrades!,2099,1600000,,,,motorcycle,,build,,,
1786,i-dY9i23ogg,"Surprising My Employees, They Never Expected This!",2024,1500000,,,,,,,,,
1785,BMD6lyI-Ms4,My NASCAR O'Reilly Series Debut Was Absolute CHAOS...,4442,1400000,nascar_oval,,,,,,,,
1784,uAPGS3kGJHw,"Cleetus' AWD vs RWD Shootout - $43,000 No Prep Race, Crazy Ending!",3919,1700000,texas_or_events,,,,,build|race_vs,,,
1783,iHvtmHYN5CY,AWD vs. RWD Shootout Testing! Craziest Engine Failure We've EVER Seen!,1849,1400000,,,,,,race_vs,,,
1782,Izxsz-TQODY,"Airport Dream House Ep.14 - Chevrolet Pool is DONE! Appliances, Interior Paint & More!",5326,1800000,,,,aircraft,,,,,
1781,gceTH9_gSrk,CHEAP Racecars on Talladega Superspeedway with Brad Keselowski! New SPEED RECORD!,2643,,,,,,,drag_pass,,,
1780,aNZ8mRfPByo,We Won TX2K26!,2833,1900000,,,,,,,,,
1779,VWcUtGO1yrQ,"Leroy Qualifies #1 At TX2K26, His Best Pass EVER!",1875,1300000,,leroy,,,,drag_pass,,,
1778,mIQers2tljs,The Most Horsepower I've EVER Driven!,2777,1800000,,,,,,,,,
1777,F_nqpHGsc9A,First Drive in My RCR O'Reilly's NASCAR... It's SO FAST!,3916,1500000,nascar_oval,,,,,,,,
1776,D08U6smV2MI,I Should SELL Ruby For This!,2235,1400000,,ruby,,,,,,,
1775,-vZKrOKiDOU,I Bought the BEST Street Car Ever...,965,1100000,,,,,,purchase,,,
1774,-U5sqykIWFs,"Terrifying My Employees In Our 1,000hp Blackwing! (First Freedom Factory Rips!)",1748,1300000,freedom_factory,,cadillac,,,,1000,,
1773,C-lY_FNB-54,"FINAL Mods & Testing For Our WRECKED Blackwing! Ruby, Neighbor & Crouton Return!",3002,1300000,neighbor,ruby,cadillac,,,failure_or_crash,,,
1772,_mKraCO_Nl0,This Helicopter BLEW My Mind...,2120,1300000,,,,aircraft,,failure_or_crash,,,
1771,X8tDB4k-WQ0,I Got The Opportunity of a Lifetime!,4325,2100000,,,,,,,,,
1770,gAPzTCguuD8,World's First Cadillac CT5-V Blackwing Drift Car!,2028,1500000,,,cadillac,,,drift,,,
1769,hJOVLWsaUdE,"Our Wrecked Blackwing is ALIVE! First Test, Absolutely INSANE...",3540,1600000,,,cadillac,,,first_fire|failure_or_crash,,,
1768,WLxEDyVOX8E,You Won't Believe Why I Bought This...,2054,1200000,,,,,,purchase,,,
1767,1IdnGEy8Xa4,I Can't Believe He Lent Me This...,3181,1400000,,,,,,,,,
1766,ffj2GWGVs2Q,My Most Embarrassing Crash EVER At Daytona...,4826,1600000,nascar_oval,,,,,failure_or_crash,,,
1765,CC4mAOzUk9c,I Almost Failed My NASCAR Truck Approval,1791,1300000,nascar_oval,,,,,,,,
1764,4CwJcyIy-dU,Voiding the Warranty On My BRAND NEW Corvette ZR1!,2047,1400000,,,corvette,,,,,,
1763,Li_bwH_LMzE,My Wrecked Blackwing Will Never Be the Same...,2348,1400000,,,cadillac,,,failure_or_crash,,,
1762,Rj8r7yZy2Ms,Cleet and Squirrel's NEW Billion Dollar Idea!,4109,2000000,,,,,,,,,
1761,iiHu7wOvoiA,"Airport Dream House Ep.13 - Cabinets, Countertops, Paint & More... The Home Stretch!!!",4145,1400000,,,,aircraft,,,,,
1760,iinizsbqK1Y,"I Blew Up Adam LZ's $70,000 Engine...",2920,1700000,,,,,,failure_or_crash,,,
1759,Ev03zIalk30,The Craziest Racecar I've EVER Driven!,2581,1400000,,,,,,,,,
1758,BJCp773vF3k,I Drove an 8 Second Street Bike!,1825,1500000,,,,motorcycle,,,,,
1757,wD-0lnNfj58,First Drive In My Twin Engine Mini Truck!,2468,1800000,,,,,,,,,
1756,Ydu6P8rOhd0,"I Wanted to Quit NASCAR, Here’s the Mission",1418,1200000,nascar_oval,,,,,,,,
1755,-UOvT9MTBM4,Cheap Racecars on Daytona Superspeedway!! How Fast Can They Go?,2773,,nascar_oval,,,,,,,,
1754,5Ei46aguW0M,Best of Cleetus McFarland 2025,3577,981000,,,,,,,,,
1753,iatU7Dorklc,The Great Cleetus McFarland Auction!,3456,2000000,auction,,,,,purchase,,,
1752,oqgZt7-0q_Q,"$10,000 Honda Civic Challenge (Ended In Hospital)",3695,3500000,,,honda_or_acura,,,,,,
1751,wYESIRUTdHk,"I Bought a $100,000 Car For 50% Off!",1459,1600000,,,,,,purchase,,,
1750,cKPanwJKbT0,"2025 Christmas Tree Drags - My First Time Driving Mullet, Leroy Goes CRAZY, My Son's First Pass!",2223,1400000,,leroy|mullet,,,,drag_pass,,,
1749,jthvduSGXvI,A Christmas Bonus For 20 of My Employees!,1478,2000000,,,,,,,,,
1748,O0bzOnD0vA4,The One and Only Greg Biffle,2482,2200000,,,,,,,,,
1747,srQ_uykzgD0,First Drag Strip Runs in My C8 ZR1+ Hayabusa Kart Testing!,1741,1300000,,,corvette,motorcycle,,drag_pass,,,
1746,fvz6OTEU6Ec,We're Selling Part of Our Fleet...,2084,1400000,,,,,,,,,
1745,09qomX_6wuI,"Airport Dream House Ep.12 - MAJOR UPDATE, So Much Has Happened...",3281,1300000,,,,aircraft,,,,,
1744,n-f2bICI3CU,Big Eagle Goes 1/8th Mile Testing! (Wants to Wheelie BAD),2172,1200000,,eagle,,,,drag_pass,,,
1743,m-X8-o0myuw,Mullet 2.0's FASTEST Run Yet! (Removed 500lbs Of Weight),1701,1100000,,mullet,,,,drag_pass,,,
1742,qxlsFl1ZX8U,Cheap Muscle Car Challenge Part 6 (Grand Finale),2126,1800000,,,,,,,,,
1741,an72L9O6gTA,Turning My Supra Up ALL THE WAY! 1/4 Mile Test!,1847,1600000,,,supra,,,drag_pass,,,
1740,BqgZQhQR054,I Had To Buy One of These...,1356,1400000,,,,,,purchase,,,
1739,jpHpUKWzGpk,"Took My 1,500hp Limo Drag Racing! (Blew Our Minds)",1593,1300000,,,minivan_or_odd,,,drag_pass|failure_or_crash|race_vs,1500,,
1738,CrHxlvolOD8,Cheap Muscle Car Challenge Part 5,3444,2000000,,,,,,,,,
1737,Km8i55b7pEE,Cheap Muscle Car Challenge Part 4,3769,2300000,,,,,,,,,
1736,PrI5TQERjyo,"Picking Up Our BRAND NEW Corvette ZR1 (1,064 Horsepower)",2331,1500000,,,corvette,,,,1064,,
1735,FnEMX32FxAY,I Won the Most DESTRUCTIVE Race We've Ever Had!,1960,1300000,,,,,,race_vs,,,
1734,uXfRogzqa_I,"Here's Why Our 1,500 Horsepower Burnout Car Has Been Missing...",1602,1200000,burnout_event,,,,,burnout,1500,,
1733,bU4OrGHsmpU,"World Cup Day 4 - Eliminations Day for Mullet, Leroy and Eagle!",1288,1200000,,leroy|mullet|eagle,,,,,,,
1732,HNalTt5Nl1A,"World Cup Day 3 - Mullet's EPIC First Race, Eagle Goes 260, McFlurry is Hurt...",2174,1500000,,mullet|eagle|mcflurry,,,,failure_or_crash|race_vs,,,
1731,wkQiI5gN6Hs,"World Cup Day 2 - Eagle Resets the Radial Tire World Record, Leroy Enters TWO Grudge Races!",2637,1600000,,leroy|eagle,,,,drag_pass|race_vs,,,
1730,mWI8rxoROEw,World Cup Day 1 - Eagle's Best Pass EVER! Mullet Goes 6's... But it Doesn't Count,1991,1400000,,mullet|eagle,,,,drag_pass,,6.0,
1729,jZKdFW_0hYk,I've NEEDED To Buy One of These...,1185,1200000,,,,,,purchase,,,
1728,o6JMyVnMW0Q,Mullet 2.0 and McFlurry are FIXED! Last Second World Cup Testing!,2188,1200000,,mullet|mcflurry,,,,build,,,
1727,ZrpYrihO2r4,"I Think My Supra is Too Fast... (1,500 Horsepower)",1461,1800000,,,supra,,,,1500,,
1726,9zhItYkBNNM,Competing in BATTLE BOTS! My Robot Dominated!,1566,1300000,,,,,,race_vs,,,
1725,QNa4pxG8Cxw,We Put a Whipple LS7 In My Sand Car... It's INSANE!!!,1736,1600000,,,,offroad_utv,supercharged|ls,,,,
1724,6IHIWChYlkk,Our Brand New Racecar Caught on Fire...,2617,1600000,,,,,,,,,
1723,75outA5CTEQ,EAGLE RETURNS! Accidentally Breaks a World Record...,3142,2100000,,eagle,,,,drag_pass,,,
1722,hAXzk5oHFnQ,McFlurry's Engine Exploded... Massive Hole in the Block,1967,1300000,,mcflurry,,,,,,,
1721,MgiyjqX48fk,He Needed Our Help…,2042,1600000,,,,,,,,,
1720,PaPFOnWoeTA,We Raced 118 Altimas At Once! (Ended Bad),1102,2100000,,,,,,,,,
1719,PpXxNVGFQPo,"Mullet 2.0 is ALIVE - Our NEW 3,000hp El Camino Drag Car!",2208,1500000,,mullet,,,,drag_pass|first_fire,3000,,
1718,C6PwiCbrH3g,"Leroy vs. Grannas Supra $30,000 Grudge Race",1344,2000000,,leroy,supra,,,race_vs,,,
1717,aQ7mLXUFHw4,Leroy Goes Round After Round at FL2K25!,2923,1900000,fl2k,leroy,,,,,,,
1716,GvNa6DnhmsE,Leroy's Quickest and Fastest Pass of ALL TIME!,1815,1400000,,leroy,,,,drag_pass,,,
1715,K9WSUs7X5ak,"I Might’ve Blown Leroy’s $30,000 Engine…",1668,1200000,,leroy,,,supercharged,,,,
1714,0ZML053AF34,Cleeter's AWD vs RWD Shootout! (INSANE Ending),4844,2400000,,,,,,race_vs,,,
1713,7BgEWe2MgFM,Is This Cheating??? RWD vs AWD Shootout Testing Day!,2275,1500000,,,,,,race_vs,,,
1712,cR_E21iLOqQ,Racing My SLEEPER Twin Turbo F-150 For Cash!,1339,1200000,,,f150_or_ford_truck,,turbo,race_vs,,,
1711,Mjtp3haC8qw,Cheap Muscle Car Challenge Part 3,2822,2000000,,,,,,,,,
1710,pPXXx4Wv_eI,I've Been Hiding This For 4 Years...,2132,1300000,,,,,,,,,
1709,QM4LkaE0cpM,"We Spent OVER $1,000,000 On This...",2273,1500000,,,,,,,,,
1708,eqaWkFbBg8A,"The Dale Truck Got a NEW Engine, Bigger Tires & More! It's INSANE!",2143,1400000,nascar_oval,,,,,,,,
1707,PgdQ91n0Bmw,McFlurry's FASTEST Pass Yet! Leroy 6 Second Runs & Ruby Returns!,3893,2100000,,leroy|ruby|mcflurry,,,,drag_pass,,,
1706,gqUIWucJv4U,We Hired Another Champion For Hard Park the RTR...,2257,1200000,,,,,,,,,
1705,iae4VomIFPk,Testing McFlurry's New Setup Got Sketchy...,1652,1200000,,mcflurry,,,,,,,
1704,IHi9RJU_nVs,McFlurry IS BACK! First Start Up & Dyno + Carbon Fiber Turbo Inlet!,2300,1300000,,mcflurry,,,turbo,dyno|first_fire,,,
1703,h7m6JYJ_uN8,"ARCA Bristol 200 - Blew a Tire, Hit the Wall, Got WHOOPED!",2970,1100000,,,,,,failure_or_crash,,,
1702,m5uutE6ATKc,Hard Park the RTR RETURNS! But I Crashed Again...,2707,1600000,,,,,,failure_or_crash,,,
1701,Xi3t1PPts-U,"Airport Dream House Ep.11 - We Got GIANT Fans In the Hanger, House Siding, Electrical and A/C!",3224,1400000,,,,aircraft,,,,,
1700,AfP55Lcu6sk,My Twin Turbo F-150 Just Made INSANE Horsepower....,1926,1400000,,,f150_or_ford_truck,,turbo,,,,
1699,To6JGdJiO88,Cheap Muscle Car Challenge Part 2,3075,2800000,,,,,,,,,
1698,RPNnNMzRVbk,Cheap Muscle Car Challenge Part 1,4438,2700000,,,,,,,,,
1697,C5yoal9EktE,Racing a Boat With Jet Engines!,1098,1500000,,jet_car_or_boat,,boat,,race_vs,,,
1696,SNvUt5EIl_w,Turbine Camaro vs. Turbine Minivan - Afterburner Drag Race!,1596,1300000,,,camaro|minivan_or_odd,,,drag_pass|race_vs,,,
1695,xcf92lhndc8,Cheap vs. Expensive Racecar!,2064,1300000,,,,,,race_vs,,,
1694,OB3lUpOHW2Y,Abandoned Monte Carlo SS Brings HUGE Money at Auction!,4245,2500000,auction|abandoned,,,,,purchase,,,
1693,qRrRicouij0,"Crashed my 200mph R/C Jet ($20,000)",2220,1500000,,jet_car_or_boat,,,,failure_or_crash,,,200
1692,1b8MGFFXFpI,FINALLY... The Dale Truck's FASTEST Pass Ever!,1817,1000000,nascar_oval,,,,,drag_pass,,,
1691,9IlpQ0W64XU,One Hour Shop Challenge!,1953,1700000,,,,,,,,,
1690,lLZKYJz2rJk,World's Most POWERFUL Limo!,3053,2300000,,,minivan_or_odd,,,,,,
1689,olxtm9VCJys,MCFLURRY RETURNS! Changing Everything + Eagle Update!,1509,1200000,,eagle|mcflurry,,,,,,,
1688,cW80DRSYBFI,We Hurt the Dale Truck!,1849,1200000,nascar_oval,,,,,failure_or_crash,,,
1687,ziP3KKr4-9w,Airport Dream House Ep.10 - Building a GIANT Chevy Swimming Pool + Drywall Finishing!,3479,1800000,,,,aircraft,,build,,,
1686,-JiHFudwsx0,Dyno + Testing In Our NEW ProCharged C7!,988,986000,,,corvette,,,dyno,,,
1685,UYLqGgTbT_E,Driving My Jet Turbine Camaro to McDonald's! (Afterburner is INSANE),1698,1500000,,jet_car_or_boat,camaro,,,,,,
1684,aFNp_baNiSE,Mullet 2.0 MAJOR Changes... It Looks INSANE!,1228,1200000,,mullet,,,,,,,
1683,qdBZBOohIMc,Recreating My Favorite Car of All Time!,1551,1400000,,,,,,,,,
1682,067fWffc8Ic,This Paint Job Will Earn Us Millions!,3336,1800000,,,,,,,,,
1681,gD0a8WotvIg,Our Jet Turbine Camaro RUNS AND DRIVES... It's Amazing!,2782,1800000,,jet_car_or_boat,camaro,,,,,,
1680,sWHdaD3jDR8,10.3L Big Block Limo FIRST TEST! Ended Badly...,1483,1800000,,,minivan_or_odd,,big_block,,,,
1679,BiJHM03LUiQ,Our Jet Engine Camaro Might Have MAJOR Problems...,1701,1400000,,jet_car_or_boat,camaro,aircraft,,failure_or_crash,,,
1678,QA6K7fLU6Pk,Maxing Out The World’s Cheapest Turbo!,1561,1900000,,,,,turbo,,,,
1677,b04JBAWgT7c,We're Closing Our Racetracks For a Month...,1587,1400000,,,,,,,,,
1676,xLi0XD-Z-oE,"Airport Dream House Ep.9 - Powering the Hanger, Installing Drywall, House Gets ""Dried In"" Wahoo!!!",5146,2000000,,,,aircraft,,build,,,
1675,KpsN-lxHgh8,"I Bought This INSANE Car For $15,000...",1732,2000000,,,,,,purchase,,,
1674,mls_oZ9EQQg,"Cheap Racecar Challenge Day 5 - Sam Attempts a 9, Jackstand Goes DEEP 8's, Lumberjacks Fastest Pass!",1586,1400000,cheap_racecar_challenge,lumberjack|jackstand_240,,,,drag_pass,,8.0,
1673,2wssInTNuM4,"Cheap Racecar Challenge Day 4 - Lumberjack Goes DEEP 9's, 240 and Mustang Break Down!",2949,2100000,cheap_racecar_challenge,lumberjack,mustang|nissan,,,drag_pass,,9.0,
1672,TeUPTQ9R5iI,Cheap Racecar Challenge Day 3 - No Prep Shootout *SHOCKING Results*,2105,1900000,cheap_racecar_challenge|texas_or_events,,,,,build,,,
1671,A297zcolzoo,Cheap Racecar Challenge Day 2 - MAJOR Problems For Jackstand & The Mustang Runs FAST!,2709,2100000,cheap_racecar_challenge,jackstand_240,mustang,,,failure_or_crash,,,
1670,L-q1ufyi1CM,Cheap Racecar Challenge Day 1 - First Passes Were FAST... We're In Trouble!,2662,2200000,cheap_racecar_challenge,,,,,drag_pass,,,
1669,-dDkkIHyQRM,"Cheap Car Challenge Prep is OVER! Mustang Barely Starts in Time, But Made HUGE Power!",3334,2000000,cheap_racecar_challenge,,mustang,,,build,,,
1668,RTly7CG4yOA,I Completely BLEW IT Jet Sprint Racing…,2887,1500000,,jet_car_or_boat,,,,failure_or_crash|race_vs,,,
1667,64caXr8j5nU,Lumberjack Testing Is Off to a Rocky Start...,1643,1500000,,lumberjack,,,,,,,
1666,4N5Z8fggMOo,Cheap Car Challenge DRAMA Escalates! Zach and Tye Arrive With a Questionable Engine!,1904,1800000,cheap_racecar_challenge,,,,,,,,
1665,PSGvE8jkSoc,"Cheap Car Challenge DRAMA, Is Jackstand's ""NEW"" Engine Legal?",2765,2000000,cheap_racecar_challenge,jackstand_240,,,,,,,
1664,dGVQ8mhLYH4,"Lumberjack's CUSTOM Junkyard LS is DONE! First Fire Up! (1,500hp?)",3393,2000000,,lumberjack,,,ls,first_fire,1500,,
1663,BKmYRlVNML4,"First Drive in the NEW Corvette ZR1 - 1,064 Horsepower",2158,2200000,,,corvette,,,,1064,,
1662,IOIQiFiOUTE,I Crashed My New Car...,1475,2000000,,,,,,failure_or_crash,,,
1661,YZBJVgi-2Sk,I Almost Wrecked Leroy Today...,1601,1400000,,leroy,,,,failure_or_crash,,,
1660,qvlGTOTopbg,Cleetus McFarland Car Collection Tour (Over 150 Cars),3778,2400000,,,,,,,,,
1659,XIgAxbSExFc,"Revisiting the North Carolina Disaster, Incredible Untold Stories",1839,1300000,,,,,,failure_or_crash,,,
1658,JVH9Dgf490U,"Charlotte ARCA 150 - Caused a HUGE Wreck, Hit the Pace Car, Best Finish Yet",3267,1800000,,,,,,failure_or_crash,,,
1657,o1_r5ypG5eI,"10,000rpm NASCAR Powered Drift Truck!",1302,1600000,nascar_oval,,,,,drift,,,
1656,eUOEW3aECbE,I Drove Lumberjack's Cousin! (Legendary No-Prep Car),1100,1100000,,lumberjack,,,,build,,,
1655,q1XxvdPvnIk,"This Changes Everything, NASCAR Charlotte Prep & Practice",2549,1400000,nascar_oval,,,,,build,,,
1654,ntuCaaiANrA,"Our 1,500HP Big Block Limo is ALIVE!",1981,1400000,,,minivan_or_odd,,big_block,first_fire,1500,,
1653,6A5kK1ex2cA,World's Fastest Minivan BLEW MY MIND!,1361,1600000,,,minivan_or_odd,,,failure_or_crash,,,
1652,2FqIpDGSbts,My Wife's Supercharged Tahoe Hits the Drag Strip! + Leroy Repair/Update!,1810,1200000,,leroy,,,supercharged,drag_pass,,,
1651,K9Ybj_nl8AM,Setting a New Boundary For Our Family,2643,1500000,,,,,,,,,
1650,SSc0n24XcVg,"Airport Dream House Ep.8 - Roof Complete, Load Bearing Walls, Electrical & Septic Install!",3527,1600000,,,,aircraft,,build,,,
1649,cwHhfsZHbsY,We Successfully Saved my Abandoned Fuel Trucks!! (it wasn't cheap),2953,1700000,abandoned,,,,,,,,
1648,zpR6dWvr2wg,He Had No Idea This Was Coming...,2354,1600000,,,,,,,,,
1647,iiaJnquYqBY,Cleet and Squirrel Build Lumberjack a NEWish Engine!,2804,1900000,,lumberjack,,,,build,,,
1646,eWmfhJPW2g8,A Truck Crashed Into My Jet...,1792,1500000,,jet_car_or_boat,,,,failure_or_crash,,,
1645,UHn3OO37QVk,Opening My New Business Has Been a Disaster...,1286,1400000,,,,,,failure_or_crash,,,
1644,f3DiBllSvLE,We Secretly Modified my Wife's Car! (Added 200 Horsepower),1545,6000000,,,,,,,200,,
1643,X2Jd4qnVJMg,100 Lap Scooter Race Was a BAD IDEA... Man Down,2391,1900000,,,,,,race_vs,,,
1642,yYidOgA8dQY,"$20 Turbo Corvette Rides! (1,500 Horsepower)",1404,1600000,,,corvette,,turbo,,1500,,
1641,x4PQJrfWJ_0,"""Slips"" Episode #3 - Guess the Time, Win the Cash! (Bugatti, Dale Truck, Crouton & More)",2511,2100000,nascar_oval,,exotic,,,,,,
1640,7LFJGWbpZEo,Chevy Spark 1/4 Mile World Record! (Crouton is INSANELY Fast),1685,2000000,,,,,,drag_pass,,,
1639,pgKueWTxtpM,Big Block Swapping Our Limo!,3061,1600000,,,minivan_or_odd,,big_block,,,,
1638,U49ef4pCqLo,A Plane Crashed At My Airfield...,975,2300000,,,,aircraft,,failure_or_crash,,,
1637,LTqEdK7NxIE,My NEW 810hp Daily Driver! + Escalade V Winner Call!,2119,1400000,,,cadillac,,,,810,,
1636,XPZy4iEi1_c,$4.2 Million BUGATTI At My Racetrack… I Almost Blew It,3017,3600000,,,exotic,,,failure_or_crash,,,
1635,wl6Z3kXe35M,I Piloted the Goodyear Blimp!,1577,1700000,,,,,,,,,
1634,QkOwo9xsRkc,CLEETKHANA ONE - A Bomb in the Freedom Factory,2452,1500000,freedom_factory,,,,,,,,
1633,Yq7XU4vRb1A,Talladega ARCA 200 - Insane Finish With a Broken Engine! (we got LUCKY),3214,1800000,,,,,,,,,
1632,P4Zs6Ypb1jY,CHEAP RV BATTLE Day 4 - We Made it to Talladega!!! NASCAR Practice and Camp Setup!,2035,2100000,nascar_oval,,,,,race_vs,,,
1631,bUPCJPg8zKU,CHEAP RV BATTLE Day 3 - Climbing America's Most INSANE Road! (Tail of the Dragon),1922,2100000,,,,,,race_vs,,,
1630,FTdJc8577Zw,"CHEAP RV BATTLE Day 2 - Dirt Track Race, Major Fire, Fire Extinguisher Mishap",2766,2300000,,,,,,race_vs,,,
1629,tbypwWTExRw,"CHEAP RV BATTLE! Who Bought The Best RV For Under $5,000?",4752,4100000,,,,,,purchase|race_vs,,,
1628,BDmryIA6rtQ,Dale Jr. Drives the Dale Truck! (blew his mind),2801,3300000,nascar_oval,,,,,failure_or_crash,,,
1627,An92Qh9aaXc,Our Escalade V Just Got MASSIVE Upgrades!,1779,1400000,,,cadillac,,,build,,,
1626,x32bK8GFZkw,"Airport Dream House Ep.7 - Hand Building My Own Roof, Window Installation, 4am Concrete Pour!",5221,1600000,,,,aircraft,,build,,,
1625,18e1EYdyFAk,How My Employees Hid This INSANE Surprise...,2637,1700000,,,,,,,,,
1624,sX_urZvNrpg,The Best Birthday Present EVER!!!,3630,2100000,,,,,,,,,
1623,CZMVEi8lgA8,Our Final Big Block Swap is Done!,1890,1300000,,,,,big_block|engine_swap,build,,,
1622,DOGWdDixDuY,"Leroy's Body Got a $15,000 Paint Job! (Not Grey)",2095,1300000,,leroy,,,,,,,
1621,PcvBRZzxvA8,I Called Out the Fastest “No Prep” Cars in the World!,7201,4400000,texas_or_events,,,,,build,,,
1620,Vz_ujxmHiV4,I Just Ruined My Daily Driver...,2245,1400000,,,,,,,,,
1619,a4qkER7ShPY,Our Twin Turbo NASCAR Truck Will NEVER Be the Same!,2200,1500000,nascar_oval,,,,turbo,,,,
1618,wS8kLZcE0WE,"This Mistake Cost Me $15,000!",1959,1600000,,,,,,,,,
1617,Y4iJ3q52ccM,"Fixing My Abandoned Projects! C7, Fuel Truck, Mustang, etc.",2043,1700000,abandoned,,corvette|mustang,,,build,,,
1616,D0c25QokjfA,"Airport Dream House Ep.6 - My First Time Framing, Concrete Mezzanine and Tie Beam Pour!",4353,1900000,,,,aircraft,,,,,
1615,9K1WgY4Wbv0,"The Bald Eagle Machine Returns, and Blows Our Minds!",2823,2200000,,eagle,,,,,,,
1614,eoIjhNuTaz4,I Bought The Best Daily Driver EVER!,1608,1500000,,,,,,purchase,,,
1613,_PG1Wt53w7k,Can a Turbo Corvette Run on Moonshine?,1470,1500000,,,corvette,,turbo,,,,
1612,VHCp1aRkwH0,Official Prize of the 2025 Freedom 500! (+ Hard Park the Spark Completed?),1341,1200000,,,,,,,,,
1611,Y6WwRnIk7_o,The Best Engine Swap in Existence...,1792,1800000,,,,,engine_swap,build,,,
1610,jhb7XjNOZvg,We Raced 76 Altimas at Once!,2082,2100000,,,,,,,,,
1609,U6Gc6ceEczE,MULLET RETURNS... Engine is Toast! Tony Stewart & Dale Jr. Guest Appearance!,2206,1900000,nascar_oval,mullet|toast,,,,,,,
1608,tAe-1_g51Lw,My First NASCAR Race - Daytona ARCA 200,2495,2100000,nascar_oval,,,,,race_vs,,,
1607,JswHAaEa5ZY,"NASCAR Put Me On Probation, Here's Why",2150,2000000,nascar_oval,,,,,,,,
1606,xztUQYJqpYE,We Had To Make This Happen...,2251,1500000,,,,,,,,,
1605,CjKQHpM65Jw,"Airport Dream House Ep.5 - 38,000lb Hydraulic Hanger Door, Concrete Column Pours",3623,1900000,,,,aircraft,,,,,
1604,B9BPtlgCxy8,CHEAP RACECAR BATTLE Damage Report & Budget Updates,2307,1700000,cheap_racecar_challenge,,,,,failure_or_crash|race_vs,,,
1603,qa7mQPRmhb4,"CHEAP RACECAR BATTLE Final Day - Tye's Mustang Attempts 9's, Heads Up Shootout Winner Takes ALL!",2606,2400000,cheap_racecar_challenge,,mustang,,,drag_pass|race_vs,,9.0,
1602,bF7BnVUOC-4,CHEAP RACECAR BATTLE Day 4 - Lumberjack Attempts a 9 Second Pass!,2571,2300000,cheap_racecar_challenge,lumberjack,,,,drag_pass|race_vs,,,
1601,vviPTtV2mjQ,CHEAP RACECAR BATTLE Day 3 - The LAW Got Us...,2891,2700000,cheap_racecar_challenge,,,,,race_vs,,,
1600,nP-qPdAdr0o,"CHEAP RACECAR BATTLE Day 2 - Jackstand Cheating Scandal, Hurt Transmissions, 9 Second Runs!",2518,2700000,cheap_racecar_challenge,jackstand_240,,,,failure_or_crash|race_vs,,,
1599,Se-l2mp3ozI,CHEAP RACECAR BATTLE Day 1 - Blew My Engine on the First Pass,4291,4200000,cheap_racecar_challenge,,,,,drag_pass|failure_or_crash|race_vs,,,
1598,SAwRbNvp22c,"CHEAP RACECAR BATTLE! Who Bought The Best Race Car Under $7,500?",4495,5100000,cheap_racecar_challenge,,,,,purchase|race_vs,,,
1597,Xgg4VPNkgGs,"Eagle's NEW Fastest Pass, Figuring Out a MAJOR Problem!",1617,1400000,,eagle,,,,drag_pass|failure_or_crash,,,
1596,zhxXvTXlhlA,Mini TRX on Snow Tracks MASSIVE JUMP!,3272,2200000,,,,,,,,,
1595,F03XpV0rhyE,So... We Bought the Drag Strip!,1993,2200000,,,,,,drag_pass|purchase,,,
1594,gwmVNXdZ39k,The Start of my NASCAR Career,2155,1800000,nascar_oval,,,,,,,,
1593,lRb0hD_ub9E,Resurrecting Our Street Bike Golf Cart (CBR 1000rr Engine),1646,1800000,,,bmw_audi_vw,motorcycle,,,,,
1592,w8Y6kbtbkw8,"Eagle's NEW Fastest Pass! Testing Our 5,000hp Camaro on 275's!",1999,1500000,,eagle,camaro,,,drag_pass,5000,,
1591,l2YZs4du6PA,Our No Prep 4x4 NASCAR Truck Makes INSANE Runs!!,1885,1300000,nascar_oval|texas_or_events,,,,,build,,,
1590,uWK-q07bKjs,"Airport Dream House Ep.4 - The Hanger Build BEGINS, Pouring the House Foundation, Pool Options",5454,2300000,,,,aircraft,,build,,,
1589,VLXO2ZFLjrI,Best of Cleetus 2024,7522,2800000,,,,,,,,,
1588,U3c-T_N5gs0,"Eagle Did a 5,000 Horsepower Hub Dyno WHEELIE!",1794,1900000,,eagle,,,,dyno|drag_pass,5000,,
1587,aKiTpqUAIxg,A Gift My Employees NEVER Expected!,5217,2700000,,,,,,,,,
1586,GuGZNhKl0Uc,2024 Christmas Tree Drag Race WORLD CHAMPIONSHIP! Leroy Goes 6's! (FULL RACE),3115,1600000,,leroy,,,,drag_pass|race_vs,,6.0,
1585,zfhMmjL7NiQ,We Brought Back Your Favorite Car...,2583,1600000,,,,,,,,,
1584,n-fVMBIxV1M,Loudest Supercharger EVER! Our Mini TRX is Making HUGE Power!!!,2358,1700000,,,,,supercharged,,,,
1583,82j7O68WmBg,Our Twin Turbo NASCAR Truck SCREAMS On the Dyno! (Rear Mount Turbos),1444,1100000,nascar_oval,,,,turbo,dyno,,,
1582,DBnDhKDXvTI,He Wrecked His Promod at the Freedom Factory!,1435,1300000,freedom_factory,,,,,failure_or_crash,,,
1581,lLw9uoR5-MI,Taking Our Twin Turbo & Supercharged F-150’s To the Drag Strip,1359,1200000,,,f150_or_ford_truck,,turbo|supercharged,drag_pass,,,
1580,KoTbulBT-U0,The Most EXPENSIVE Towing Mistake We’ve Ever Made… + Mini TRX Blown Engine Update,2742,1900000,,,,,supercharged,,,,
1579,FqVCj3tCI4M,FINALLY Race Day! Battling Our Twin Turbo and Supercharged Shop Trucks!,1658,1400000,,,,,turbo|supercharged,race_vs,,,
1578,8U--WdIu7PA,"Airport Dream House Ep.3 - Massive 2am Concrete Pour, Well Digging, Underground Plumbing/Electric",7202,2800000,,,ev,aircraft,,,,,
1577,w3yFF4agRYM,TWIN TURBO vs. SUPERCHARGED Shop Trucks Build Off - Dyno Day and First Drive!,1909,1400000,,,,,turbo|supercharged,dyno|build|race_vs,,,
1576,ES_2RBBx-K8,Leroy’s FASTEST Pass EVER With His New Body!,2363,1500000,,leroy,,,,drag_pass,,,
1575,ka0ndaZOwdI,The World's Longest Turbo Kit! (Around my Shop),2494,1800000,,,,,turbo,,,,
1574,dGxvc-u3Xlw,Learning How to Backflip a Helicopter,1196,1100000,,,,aircraft,,,,,
1573,k5G5OD7-scQ,HOW Did They Hide This From Me?? (Mullet Monster Truck),1871,1700000,,mullet,,,,,,,
1572,CMEbWCIeOgk,ALL TRUCKS Need These Upgrades!,2699,1700000,,,,,,build,,,
1571,RjRMEkN8yAQ,We're Sacrificing My Favorite Car...,1729,1500000,,,,,,,,,
1570,MtPEORSLj68,"How to Ruin A $30,000 Engine… (Mini TRX on Paddles)",3619,2600000,,,,,,,,,
1569,FQFoYfNv1uM,We HAD To Buy This RARE Marketplace Car!,2586,1700000,,,,,,purchase,,,
1568,O_9NOAf8tPE,World Cup Day 3 & 4: EAGLE RUNS A 5 SECOND PASS!!! (I Was SHOOK),3555,2900000,,eagle,,,,drag_pass,,,
1567,EGxsWLFaAak,"World Cup Day 1 & 2: Leroy FULL PASS With Body, Eagle's Hemi is Damaged...",3807,2800000,,leroy|eagle,mopar,,,drag_pass,,,
1566,vj7iLSCd5NA,Leroy's NEW Body in the Wind Tunnel! (We Were Shocked),2188,1500000,,leroy,,,,,,,
1565,u3hC3QHPQYc,"Project ""Eagle"" First Drag Race Passes!!! (IT'S INSANE)",3662,3200000,,eagle,,,,drag_pass|build|race_vs,,,
1564,ZQlfsU-WM-g,We've Been Wanting To Do This For So Long...,1359,1400000,,,,,,,,,
1563,z2E_owm9Vrs,"Project ""Eagle"" First Fire Up! (5,000 Horsepower Proline Hemi)",1337,1400000,,eagle,mopar,,,build|first_fire,5000,,
1562,V125l3hD8bc,Leroy's First Pass With a Body!,3217,2100000,,leroy,,,,drag_pass,,,
1561,GCqSv5brmw0,Can a Diesel Engine Run on Jet Fuel?,1489,2000000,,jet_car_or_boat,,,diesel,,,,
1560,_g9VUnQtlEw,Buying Back My Favorite Car of All Time!,1211,1500000,,,,,,purchase,,,
1559,TBMcXSBS_hA,"Project ""Eagle"" Gets a $30,000 Custom Paint Job!",1946,1500000,,eagle,,,,build,,,
1558,V8sFEZpAf5s,Airport Dream House Ep.2 - Our First Major Concrete Pour!,5839,2500000,,,,aircraft,,,,,
1557,BSFuu7yTe7o,Hurricane Milton Direct Hit at 120mph,1441,2500000,,,,,,,,,120
1556,hcSJPbFINVo,Hurricane Milton Is Headed Right For Us...,745,1800000,,,,,,,,,
1555,sh3y17GUkgY,"FL2K24 - Leroy BATTLES Into the 6's, We Got SUPER Lucky...",2866,2000000,fl2k,leroy,,,,drag_pass,,6.0,
1554,HtnK4Tl6B6k,We Called Out The FASTEST 4x4 Cars in the USA!!!,3774,3100000,,,,,,,,,
1553,nQAPEBKhMS8,Taking Our Helicopter Into North Carolina's Disaster,1720,5000000,,,,aircraft,,failure_or_crash,,,
1552,_wbUEsDaghU,Our 4x4 Twin Turbo NASCAR Truck’s First Test!,3614,2400000,nascar_oval,,,,turbo,,,,
1551,XrUkVL6kr3s,Our 4x4 Twin Turbo NASCAR Truck Runs For the First Time!,2031,1400000,nascar_oval,,,,turbo,,,,
1550,2hSkP8yDaKc,Cheap Truck Battle FINALE! Racing Our $5000 Budget Trucks!,5275,5300000,,,,,,race_vs,,,
1549,haavWie8q7s,"My $15,000 R/C Stealth Bomber is Finally Fixed!",2144,1200000,,,,,,build,,,
1548,CnUThoowzO4,Riding Our Abandoned Motorcycle To Harley Davidson!,2722,1900000,abandoned,,,motorcycle,,,,,
1547,OENR2YZArGg,I Drove The CRAZIEST Mini-Truck on EARTH!,1489,2400000,,,,,,,,,
1546,xICVcRFP9jQ,My Abandoned Helicopter Flies For the First Time in 10 Years,3641,2700000,abandoned,,,aircraft,,,,,
1545,zxa7o6yejzU,The Worst Crash We've EVER Had!!,2568,2400000,,,,,,failure_or_crash,,,
1544,-jux-N1l5Lk,We Finally Took Our ZZ632 Shop Truck to the Drag Strip!,1645,1500000,,,,,,drag_pass,,,
1543,_WXkkO2Y2oc,We're About To Try Something We've Never Done Before!,1664,1400000,,,,,,,,,
1542,FUs898CVRdM,Airport Dream House Ep.1 - Breaking Ground (Let's Go!!!!),2827,1900000,,,,aircraft,,,,,
1541,hZA3k_07XzY,I've Been Hiding This BRAND NEW Truck From You...,1241,1300000,,,,,,,,,
1540,J8BFpYWVbhc,"CHEAP TRUCK BATTLE! Racing Our $5,000 Budget Trucks! EP.1",2441,3100000,,,,,,race_vs,,,
1539,egx0k9PvpKo,The Blazer Returns... But It's Time For Something New!,1370,1500000,,blazer,,,,,,,
1538,SO0gxqNEvdI,Dodge Engineers Hate This One Simple Trick,1122,1800000,,,,,,,,,
1537,nxaaUNhjxyc,"Drag Racing Whistlindiesel's 1,500hp General Lee! (HUGE wheelie)",1458,3600000,,,,,,drag_pass|race_vs,1500,,
1536,wCu-o5_uVeo,Fixing The Truck I Bought From a Scammer...,2066,2900000,,,,,,build|purchase,,,
1535,y7S0ih1FNwM,Taking Our Mini-TRX Drag Racing For the First Time!,1420,1100000,,,,,,drag_pass|race_vs,,,
1534,lXwwhAHRWzQ,"CHEAP TRUCK BATTLE! Who Bought The Best Truck Under $5,000?",5155,6000000,,,,,,purchase|race_vs,,,
1533,vxz484YrqJg,Converting Our NASCAR Truck To 4-Wheel-Drive!!!,1611,1300000,nascar_oval,,,,,,,,
1532,CIB_HZNLJmA,"Hurricane Debby Flooded Our Racetrack Badly, Track Entrance Destroyed",983,2100000,,,,,,failure_or_crash,,,
1531,s0pbZhDn0BY,"We Put a 1,025hp Crate Engine in Our Mini-TRX and It’s INSANE!",2282,1300000,,,,,,,1025,,
1530,Tsez8tOtsHE,My Go-Kart Corvette FINALLY Gets a Body!,1904,1400000,,,corvette,,,,,,
1529,DXpP3ZCTJFc,Project Eagle's New Turbos Are Absolutely MASSIVE!,2081,1200000,,eagle,,,turbo,build,,,
1528,ChicwIJxK8w,I Got ROBBED Out Of My Own Race… Here's My Proof!,3049,1600000,,,,,,race_vs,,,
1527,I7TmmUW0HxE,"Forgotten For 21 Years, the Freedom Factory Motorcycle RIDES AGAIN!!!",2168,1300000,freedom_factory,,,motorcycle,,,,,
1526,e1jYDuEr-Hw,This Underwater Helicopter Crash Simulator is INSANE!!!,1631,1100000,,,,aircraft,,failure_or_crash,,,
1525,z-pZhWEQ7J0,The Repair Bill For Our Abandoned Jet is Unbelievable…,1667,2100000,abandoned,jet_car_or_boat,,,,,,,
1524,0_WBE6XwhUA,Leroy's Funny Car Body is DONE and It's INSANE!!!,2115,1300000,,leroy,,,,,,,
1523,81L1rrm5uHs,We Bought an INSANE Crate Engine For the Mini TRX!!!,1566,1500000,,,,,,purchase,,,
1522,tf2pq2cT1-k,"Forgotten For 21 Years, the Freedom Factory Motorcycle REBUILD Begins!",3147,1800000,freedom_factory,,,motorcycle,,build,,,
1521,lskFKoAqrhk,I Nearly Died Again On My Mini Jet Boat...,1362,1500000,,jet_car_or_boat,,boat,,,,,
1520,ftpwJL0w85I,"This Truck Doesn’t Exist, So We Built Our Own!",1327,1300000,,,,,,build,,,
1519,bJZmrMeEcj8,This Might Be The Greatest Jet Boat Ever Made…,1614,1700000,,jet_car_or_boat,,boat,,,,,
1518,-fr9v9bLk0w,Introducing Project Eagle's NEW Engine!!! (100% Billet),2451,1800000,,eagle,,,,build,,,
1517,L1Md4FnZIwQ,I Bought 10 Cars For The Price of One!,1431,1600000,,,,,,purchase,,,
1516,l2G_e1_mWSs,"CHEAP CAR BATTLE! Our $3,000 Cars Race For Their Lives",4109,3300000,,,,,,race_vs,,,
1515,OkMlsitbGIc,We Replaced Our Head Gasket With JB Weld!!!,1848,1500000,,,,,,,,,
1514,4KS7y0DOxEo,I Bought An Abandoned Fuel Truck For Our New Airport!!!,1231,1400000,abandoned,,,aircraft,,purchase,,,
1513,nqaLOcDNcTo,"I Just Ruined Mullet's $50,000 Engine...",3519,2900000,,mullet,,,,,,,
1512,-erVU9B94ms,The Dumbest Racing Mistake I've EVER Made!!!,3051,2000000,,,,,,race_vs,,,
1511,kmnB12Eo_c8,We Supercharged Our Grandpa's Work Truck!!!,1572,2700000,,,,,supercharged,,,,
1510,U4IqM5Wx9rg,"CHEAP CAR BATTLE! Racing Our $3,000 Budget Cars!",2416,3000000,,,,,,race_vs,,,
1509,J-ElUnHl674,We Bought the World's Cheapest Private Jet!,1314,1800000,,jet_car_or_boat,,,,purchase,,,
1508,ixPNu4-oe9E,"CHEAP CAR BATTLE! Who Bought The Best Car Under $3,000?",2140,4600000,,,,,,purchase|race_vs,,,
1507,rNyjvphoYeI,"Project ""EAGLE"" HUGE Progress Update!!! New Wheels, Carbon Body, Titanium & More!!!",1013,1000000,,eagle,,,,build,,,
1506,eTpNol7m2As,Turns Out The Dale Truck Has RUST... New Plan!!!,1360,1000000,nascar_oval,,,,,,,,
1505,4G3Zz36jNrQ,Putting Diesel In My Gas Car’s Engine Until It Explodes,1066,1600000,,,,,diesel,,,,
1504,zi2rc_sSIyA,The Easiest 250 Horsepower I've Ever Gained...,1088,1500000,,,,,,,250,,
1503,WpM7yL68P4c,We Opened a Paint Shop!!! (Painted and Sold In One Day),3132,1500000,,,,,,,,,
1502,JRbeFxVqxGo,This Will Change McFarland Racing Forever...,768,1200000,,,,,,race_vs,,,
1501,Rg1xsWYAgno,We Opened a Body Shop!!! (10 Gallon Bondo Job),2745,1500000,,,,,,,,,
1500,xMx_5rScOz0,Attempting To Start The Fierro's Rusty Big Block!!!,1297,1300000,,,,,big_block,,,,
1499,aPU52RYML3Q,"Starting a $30,000 Paint Job On Our South American Helicopter!!!",2119,1200000,,,,aircraft,,,,,
1498,vEA5x0qsIkc,"Guess The Time, Keep the Cash!!! ""Slips"" Episode #2",2056,1900000,,,,,,,,,
1497,Ypd_9dGj060,Rednecks Test the Tesla Cybertruck vs. Hummer EV,1056,1300000,,,ev,,,race_vs,,,
1496,8uw2g3bJQEU,These MASSIVE Old Tractors Came With Our New Airport!!!,1489,2300000,,,,aircraft,,,,,
1495,-fBEeLsr7yQ,We're About To Change the Dale Truck FOREVER...,1031,1100000,nascar_oval,,,,,,,,
1494,Wom5QSyStxw,This Was Bound To Happen One Day...,1143,1300000,,,,,,,,,
1493,j47Vxb1uOGc,Unauthorized Landings At Our New Airport...,1415,1600000,,,,aircraft,,,,,
1492,p1xPsiNomyw,"Forgotten For 3 YEARS, The Wheelie Fierro REBUILD Begins!!!",1293,1100000,,,,,,drag_pass|build,,,
1491,nwfFSv5JYfM,McFlurry Went THIS FAST in Only 5 Runs!!! New Transmission is WORKIN!,1539,1100000,,mcflurry,,,,,,,
1490,ty63rR2e2K4,We Secretly Supercharged My Wife's Car!!!,1095,4000000,,,,,supercharged,,,,
1489,_ZLysyArAbo,Stripping 40 Years of Paint (9 layers) Off My South American Helicopter!!!,964,1200000,,,,aircraft,,,,,
1488,XgXpvu6Q52Y,"Introducing Project ""EAGLE"" - Our NEW 5 Second Drag Car!!!",1015,1000000,,eagle,,,,drag_pass|build,,,
1487,omZwTrH3Nvk,The Most Dangerous Race We've Ever Hosted...,1012,1000000,,,,,,race_vs,,,
1486,Fd32tpOHu1Y,My Hardest Crash EVER In a Burnout Car... (Totaled),1240,1200000,burnout_event,,,,,failure_or_crash|burnout,,,
1485,UXyy3acFyq8,This MASSIVE Upgrade To McFlurry Better Be Worth It...,2414,1600000,,mcflurry,,,,build,,,
1484,cAoajJkVmlQ,Flying The World's Biggest R/C Planes With Tyler Perry and RamyRC!!!,1512,6600000,,,,,,,,,
1483,fIOz5CBb-Xk,Tony Stewart Joined Our Race and SMOKED Us! (Until The Last Lap),1432,1200000,,,,,,race_vs,,,
1482,ObkZf_7gVnk,We Opened a Tow Yard (ended very bad),2367,1600000,,,,,,,,,
1481,rWYn_DIG43g,I Bought The BIGGEST R/C B-2 Stealth Bomber In The World!!!,2938,2900000,,,,,,purchase,,,
1480,JAsjIRueACE,Seeing Leroy's NEW Body For the First Time... UNREAL!!!,1037,1200000,,leroy,,,,,,,
1479,VAtj5B_YGHs,So... We Bought an Airport,1401,2700000,,,,aircraft,,purchase,,,
1478,_CaBiQMcsQA,We Put Floats On Our Carbon Cub!!!,1355,1100000,,,,,,,,,
1477,rTy7w_lN7x8,We TRIPLED The Horsepower On Our Tow Truck!!! (RIP Driveshaft),2869,2800000,,,,,,failure_or_crash,,,
1476,cLm1se8-XO4,"I Blew Up Leroy's $25,000 Engine...",1845,1300000,,leroy,,,,failure_or_crash,,,
1475,nGVqKHoUv9o,Our NEW GMC and Mullet Both DESTROYED Their Records!!!,3074,1900000,,mullet,,,,failure_or_crash,,,
1474,Co3Sj9OQBDc,FULL SIZED R/C Race Car!!! (Crashed Immediately),3692,2500000,,,,,,failure_or_crash|race_vs,,,
1473,UdFxfNFCLKg,Our Supercharged 427 GMC Is Done and It's INSANE!!!,3184,2800000,,,,,supercharged,,,,
1472,QNk1pc6zne0,Racing My Big Block Tow Truck!!! (Ended Horribly),2506,1500000,,,,,big_block,race_vs,,,
1471,KUr0Odt8peI,I Bought a GIANT Gas R/C Plane... Wrecked It IMMEDIATELY,4384,2800000,,,,aircraft,,failure_or_crash|purchase,,,
1470,bnbL90md6ss,Our New Tow Truck is UNSTOPPABLE!!!,2946,1900000,,,,,,,,,
1469,MCHt1pDFEZk,"We Put Stadium Grass in Our Racetrack... ($10,000 Fine In Place)",1861,1600000,,,,,,,,,
1468,6ADyrh4cNQo,My South American Helicopter Has A LOT More Problems Than We Thought...,2338,2400000,,,,aircraft,,failure_or_crash,,,
1467,i1Gz8hJPyPc,"We Built The World’s Fastest Delivery Truck, IT'S INSANE!!!",2938,3100000,,,,,,build,,,
1466,PstyfKNJ9rU,I Called Out the FASTEST Trucks in America!!!,3673,4000000,,,,,,,,,
1465,OgC55EiwAuw,We Built an Australian El Camino - PROJECT THUNDER!!!,2655,2800000,,,,,,build,,,
1464,FnQ8niSIwSA,We Built the World's Most Powerful Tow Truck!!! - Forgotten Rollback Series Finale,6006,5700000,,,,,,build,,,
1463,OpISZ6lvPIs,$20 Race Truck Rides... GONE WRONG!!!,1845,1600000,,,,,,race_vs,,,
1462,TmIb0nM5uts,I Bought An Abandoned Helicopter From South America...,3708,4000000,abandoned,,,aircraft,,purchase,,,
1461,K1l4m3MgC-M,This Truck Doesn’t Exist In the USA... I HAD TO BUY IT!!!,1574,3900000,,,,,,purchase,,,
1460,CIlqF_a9Aeo,Introducing Freedom Factory 2.0!!! (Destroyed My Lawn),1840,1700000,freedom_factory,,,,,failure_or_crash,,,
1459,IZj0AxtYPGE,Big Block Swapping the Forgotten Freedom Factory Rollback!,3722,2700000,freedom_factory,,,,big_block,,,,
1458,1af3zytYi2U,"SCT Bradenton - Leroy BATTLES 7 Second Cars, McFlurry's BEST Launch Ever, Tye's Fastest Pass Yet!!!",3673,2600000,texas_or_events,leroy|mcflurry,,,,drag_pass,,,
1457,ji5xt2l6TRA,I Bought A GIANT R/C Jet... It’s SCARY Fast!!! (I can barely fly it),2952,3000000,,jet_car_or_boat,,,,purchase,,,
1456,XVT3F3sK9cg,Cab Swapping the Forgotten Freedom Factory Rollback... It's a DISASTER!!!,3044,2000000,freedom_factory,,,,,failure_or_crash,,,
1455,VDDRLWzrZ50,"Forgotten For 4 YEARS, the Freedom Factory Rollback REBUILD Begins!!! (632 Big Block)",2059,1400000,freedom_factory,,,,big_block,build,,,
1454,txTKfW2nKps,Surprising Our Grandpa With a Boosted SLEEPER!!!,1611,1300000,,,,,,,,,
1453,N6-5lnHhxkw,Leroy's NEW Racing Body Has Begun!!! Our First Fiberglass Spray & The Design Looks INCREDIBLE!!,1531,1100000,,leroy,,,nitrous,race_vs,,,
1452,7mmjwxb8CKk,"One Day, TWO Engines.... This Can't Be Happening!!! Ruby & the Whipple F-150 Will Bankrupt Us!!!",933,948000,,ruby,f150_or_ford_truck,,supercharged,,,,
1451,WUsdnLmm46w,I Just Flew This Carbon Fiber Stunt Plane and It Was Absolutely INSANE!!! (Gamebird GB1),2470,2300000,,,,aircraft,,,,,
1450,CLquxbZvWSk,"1,500 vs 15,000 Horsepower Drag Race!!! Our Turbo Corvette Got DESTROYED By a Top Fuel Dragster!",1603,2200000,,,corvette,,turbo,drag_pass|failure_or_crash|race_vs,,,
1449,F26Dxz8ZQ_s,This May Be the Best/Worst Idea I've Ever Had...,746,961000,,,,,,,,,
1448,Wg4fEmmrwtA,We Tried To Dyno a TOP FUEL Dragster In Our Shop!!! (It Was LOUD),1153,1800000,,,,,,dyno,,,
1447,XRBNG1ZO6JI,Sick Week Days 4 & 5 - Tye's Turbo Ranger Goes For an 8 Second Run!!! Ruby BATTLES For First Place!,1912,1300000,,ruby,,,turbo,,,,
1446,e7wf14x4hbI,Sick Week Days 2 & 3 - Tye DESTROYS His Best Pass EVER!!! + Ruby Runs Nearly Perfect AGAIN!,2913,1700000,,ruby,,,,drag_pass,,,
1445,tfYCvE19bXU,Sick Week Day 1 - The Scariest Run I've EVER Made in Mullet... + Ruby Makes an INCREDIBLE Run!!!,1908,2400000,,mullet|ruby,,,,,,,
1444,R3XH4BW343w,Tye's Homebuilt Turbo Ranger RETURNS!!! + Sam Got a BRAND NEW Race Truck For Sick Week!!!,1029,986000,,,,,turbo,race_vs,,,
1443,dJ2nUG11oHQ,Mullet's FIRST Passes With His Completely NEW 4-Link Suspension... LET'S GO!!!,1769,1000000,,mullet,,,,drag_pass,,,
1442,AbS_dl9EkwM,Ruby Makes Her FIRST Drag Passes in Over a YEAR... and It Couldn't Have Gone BETTER!!!,993,1000000,,ruby,,,,drag_pass,,,
1441,TgHZphwYCHY,HELLCAT Swapped Jeep on GIANT Tracks is UNSTOPPABLE!!! & @HeavyDSparks Broke My Snow-Rail,1205,1200000,,,mopar,,engine_swap,build|failure_or_crash,,,
1440,sWCywAgriek,Jumping Our 700hp Sand Rail on Tracks!!! (Snow-Rail Actually Works!),1522,1700000,,,,,,,700,,
1439,_ibg4g-Ovbs,"Ruby Is ALIVE After 13 Months!!! First Fire Up, 2-Step Check & Dyno!! *Bald Eagle Alert*",1442,1000000,,ruby|eagle,,,,dyno|first_fire,,,
1438,I5bfomAkt6g,Introducing the Freedom Factory's NEW Racing Fleet... Our FIRST Laps Were AMAZING!!!,838,716000,freedom_factory,,,,,race_vs,,,
1437,BqaOtMOnBgM,I Got My Blackhawk License... The Most INCREDIBLE Machine I've EVER Operated!!!,1222,2500000,,,,,,,,,
1436,z1UoBrkFJgU,We Put My 700hp Sand-Rail on Tracks!!! (Snow-Rail),618,999000,,,,,,,700,,
1435,--0RVV1hOso,The Rat Rod Supra Re-Attempts an 8 Second Pass... ALL THE BOOST!!!!,880,1000000,,,supra,,turbo,drag_pass,,,
1434,OvYXHqqjS70,"I Can't Believe Mullet's Rear End Didn't SNAP... + Ruby Goes Back Together, F-150 Damage Report!!!",607,892000,,mullet|ruby,f150_or_ford_truck,,,failure_or_crash,,,
1433,1NHyBRmPeaA,I CALLED OUT 7 Cars To A Street Race… But Blew My Engine Trying To Win!,1781,1100000,,,,,,failure_or_crash|race_vs,,,
1432,32RDa2fnDL4,The Rat Rod Supra Attempts an 8 Second Pass & Our Whipple F-150 BEATS The Tesla Plaid Minivan!!!,1278,1100000,,,supra|f150_or_ford_truck|ev|minivan_or_odd,,supercharged,drag_pass,,,
1431,FXrKK2qE0v8,"That's It... The Auction Corvette RETURNS! + Mullet Gets a Floater 9"" Rear End, It's SICK!!!",855,962000,auction,mullet,corvette,,,purchase,,,
1430,1TjolbLgRrQ,"Our 1,100HP Truck TERRIFIES Passengers on the STREET! (PULL SO HARD)",805,846000,,,,,,,1100,,
1429,xX7DYVvu5zU,THE DAY HAS COME.... Leroy Is Getting a Body!!! (Need Ideas!),605,1000000,,leroy,,,,,,,
1428,4c5t08PSGog,"I Got TWO New Cars For $7,500!!! But One Has No Oil Pressure... + Selling My Ariel Atom!",791,1000000,,,,,,,,,
1427,bskTQLVt0lI,"2023 Christmas Tree Drag Race WORLD CHAMPIONSHIP!!! 32 Cars, Mullet Goes To the FINALS!! (FULL RACE)",2085,1200000,,mullet,,,,drag_pass|race_vs,,,
1426,ZmvZiLbjKms,My Friends Got Me The COOLEST GIFT EVER!!! But I Had a BIGGER Surprise For Them!!!,2181,1500000,,,,,,,,,
1425,0Wab-AVbU3A,He LS SWAPPED An Airplane... And It's SO AWESOME!!! (+Trackhawk Winner!),1027,1100000,,,mopar,,ls|engine_swap,build,,,
1424,mhdtxoZZBKc,Racing the Tesla Plaid SLEEPER Minivan! Our Whipple F-150's FASTEST Pass Yet!!!,1314,1300000,,,f150_or_ford_truck|ev|minivan_or_odd,,supercharged,drag_pass|race_vs,,,
1423,MHiolohKJ98,Our Whipple F-150 Made VIOLENT Pulls on the Dyno... INSANE Numbers!!!,840,845000,,,f150_or_ford_truck,,supercharged,dyno,,,
1422,FZsAqf_RNm0,I Learned How to SMOOTHLY Land a Helicopter With NO ENGINE!!! This is INSANE!!,1378,972000,,,,aircraft,,,,,
1421,tojda9CX4r0,We Put Racing Slicks On My 700hp Sand Rail!! Street Wheelies and Dyno Session!!!,978,1400000,,,,,,dyno|race_vs,700,,
1420,-qKbiUJcJ_s,Drag Racing the Whipple F-150 and Rat Rod Supra! They're WAY FASTER Than We Thought!!!,1647,1700000,,,supra|f150_or_ford_truck,,supercharged,drag_pass|race_vs,,,
1419,F2NRfHMoMYs,Our Whipple Supercharged F-150 is Complete... IT'S INSANE!!! (HUGE 4wd Burnouts),1862,1500000,,,f150_or_ford_truck,,supercharged,burnout,,,
1418,EY4XVhi8r_s,Our Twin Turbo Coyote Mustang FINALLY RAN A 6 SECOND PASS!!!!,2070,1400000,,,mustang,,turbo,drag_pass,,,
1417,S68MTALXwzY,Our Modded Trackhawk Just SHOCKED Us With an INSANELY Fast Pass!!!,916,794000,,,mopar,,,drag_pass,,,
1416,m996FfBCeis,We Might Lose Our Racetracks To This... Housing Development Update #1,1101,1400000,,,,,,,,,
1415,N4fR3varWsY,McFlurry Was On the PERFECT PASS For a 6... Then It Went BOOM!!! (Small Fire),1419,885000,,mcflurry,,,,drag_pass,,,
1414,Lxgatzg7WuY,We Had No Choice... The Turbo F-150 Is About To Have ALL THE TORQUE!!! + Trackhawk Dragstrip Runs!,1005,856000,,,f150_or_ford_truck|mopar,,turbo,,,,
1413,jPVDgp1A1Yc,"This is Gonna Be EXPENSIVE... Tearing Out Our Trackhawk's Supercharger, Transmission, T-Case, Etc.",1183,850000,,,mopar,,supercharged,,,,
1412,PRI5B1ir9F8,McFlurry Just CRUSHED Its BEST PASS EVER!!! But Can It Run a 6 Second Pass??? (ALL THE BOOST),1111,867000,,mcflurry,,,turbo,drag_pass,,,
1411,U6p6W_xJR_4,"Magnuson Supercharged Silverado CALLED OUT Our Newly MODDED Trackhawk!!! (Pulleys, E85, Tune...)",1110,1100000,,,chevy_truck|mopar,,supercharged,,,,
1410,vq9e_qg47Pg,"$20 Supra Rides!!! Terrifying Random People Off the Street With 1,300 Horsepower...",1173,6100000,,,supra,,,,1300,,
1409,9pEHnKwXn94,The Freedom Factory is TOTALED... The Most INSANE Event We've Ever Hosted (DAMAGE REPORT),1551,1400000,freedom_factory,,,,,failure_or_crash,,,
1408,quQEt0Y9OxY,"I Got To Drive ""EL BANDITO"" - An EXTREME $400,000 Bronco Built For Literally ANYTHING!!!",1310,1000000,,,,,,build,,,
1407,yP4Dicjt0MQ,"Introducing Our NEW ""Work Truck"" - 1,000hp ZZ632 GM Crate Engine Absolutely RIPS!!!!",1238,1500000,,,,,,,1000,,
1406,J5DpYP9ZQVo,Twin Turbo Porsche vs. Jeep Trackhawk on Drag Radials... WAY Closer Than We Thought!!! (More Boost),1287,844000,,,mopar|porsche,,turbo,drag_pass|race_vs,,,
1405,odhcnmKCnRM,We Put BIGGER Turbos on McFlurry To Try and Run 6's!!! (MASSIVE Power Wheelie),1196,1200000,,mcflurry,,,turbo,drag_pass,,6.0,
1404,szkvpVOLj10,I Drove One of the FASTEST Sand Cars In The WORLD!!! (150+mph ON SAND),1242,1900000,,,,,,,,,
1403,nlNxME1gtv8,I Bought a Sand Car Off Marketplace For $50k... IT'S INSANE!!!,2104,2600000,,,,offroad_utv,,purchase,,,
1402,Ya6Nz_kxet4,World Cup FINAL DAY - Leroy 2.0 BATTLES To the FINAL ROUND... Everything We've Got!!!,3113,2600000,,leroy,,,,,,,
1401,1Pwc8_CdqF0,World Cup Day 3 - Leroy 2.0 FINALLY Made a FAST Run!!! McFlurry Beats its Best Run EVER Again!,2319,1300000,,leroy|mcflurry,,,,,,,
1400,uE_zUnscyU4,World Cup Day 2 - McFlurry's NEW FASTEST PASS! Coyote Engine Goes DEEP 7's! + Leroy Wheel Hops BAD!,1599,1000000,,leroy|mcflurry,mustang,,,drag_pass,,7.0,
1399,cDfBKCW3laE,World Cup Day 1 - Mullet Just DESTROYED His BEST PASS EVER!!! Leroy and McFlurry Struggle...,2088,1400000,,leroy|mullet|mcflurry,,,,drag_pass|failure_or_crash,,,
1398,MZzMgMoiJtk,"I Messed Up Bad... I Money Shifted Leroy! Then, Mullet's FASTEST RUN EVER Ends With a Locked Up SMX!",1078,1000000,,leroy|mullet,,,,,,,
1397,x5TtnhW28YA,My NEW Daily Has INSANE AWD Launches!!!! Scaring Passengers and Getting Prepped for MORE MODS!,1025,1100000,,,,,,,,,
1396,c_YRw5RPuBA,"McFlurry's FIRST RUNS With Its 2,000hp Coyote Engine... It's INSANE!!! (It Revs SO HIGH)",2352,1500000,,mcflurry,mustang,,,,2000,,
1395,jBug09pPpv4,"McFlurry Get's a 2,000hp Twin Turbo Coyote Swap In ONE WEEK... SOUNDS AMAZING!!!",1516,1100000,,mcflurry,mustang,,turbo|engine_swap,build,2000,,
1394,d1mGDmmdJOA,I Got To RIP a Supercharged Big Block MONSTER TRUCK in the Freedom Factory!!! (HUGE JUMPS),1181,1000000,freedom_factory,,,,supercharged|big_block,failure_or_crash,,,
1393,-MK3teDVgrk,"Scaring Passengers In a 1,300hp SLEEPER SUPRA!!! The Rat Rod Supra's Mystery Issue is FIXED!",1345,3200000,,,supra,,,build,1300,,
1392,dBSzZnlQg9g,"HELLCAT Durango vs. Ford Raptor ""R"" - The Best Daily Driver Ever...",1549,997000,,,f150_or_ford_truck|mopar,,,race_vs,,,
1391,LLbetC_OmUg,Mullet's Testing Ended With BLOWN UP Parts... The MOST BOOST We've Ever Ran On the SMX!!!,1281,937000,,mullet,,,turbo|supercharged,failure_or_crash,,,
1390,Fh9T9lom9P0,WORLD'S FIRST Stick Shift Corvette In The SIXES! Leroy's Most INSANE Pass EVER!!!!,2506,2000000,,leroy,corvette,,,drag_pass,,,
1389,jmrfqQc_wlU,"FL2K23 - I Nearly WRECKED Leroy 2.0, Mullet BATTLES the Fastest Cars We've EVER FACED! (Over 224mph)",4641,4600000,fl2k,leroy|mullet,,,,failure_or_crash,,,224
1388,hbuFrfqR7n4,The Rat Rod Supra RETURNS... Destroying Exotic Cars at the Drag Strip!!!,1443,3700000,,,supra,,,drag_pass,,,
1387,N765DWNfBP0,CARBON FIBER Mullet FINALLY Hits the Track!!! McFlurry's New Head Gaskets Hold Down 30+psi of BOOST!,1472,1100000,,mullet|mcflurry,,,turbo,,,,
1386,_zG9CUX1vmI,Leroy 2.0 Just Got a BRAND NEW Engine... It's POWERFUL!!! (Dyno + First Track Test),2030,1300000,,leroy,,,,dyno,,,
1385,oEN2GIEBfyw,"Mullet's 5,000hp SMX Big Block Is BACK!!! + McFlurry's Suspension Issues are Fixed (We Think)",794,787000,,mullet|mcflurry,,,big_block,build,5000,,
1384,ndw97jvpQY0,My BEST Landing EVER! We BARELY Won Our First Ever Airplane Race!!! (Arkanstol 2023),1375,1200000,,,,,,race_vs,,,
1383,4ohOGgDZVwo,Qualifying For My FIRST EVER Airplane Race... This Racing Course Is AMAZING!!!,1174,613000,,,,,,race_vs,,,
1382,VuieMT6C27A,We FINALLY Wrapped Our Carbon Cub and It's SO SWEET!!! + Flying To My First Airplane RACE!!!,1621,849000,,,,,,race_vs,,,
1381,m22zxO1_FXY,The R/C Gold Wing... These Guys Brought Me The Most INSANE Gift I've Ever Received!!!,1284,778000,,,,,,,,,
1380,lXF-aKudgAc,Mullet's NEW Carbon Front End is INSANE!!!! McFlurry's Track Testing Did NOT End Well Again...,694,760000,,mullet|mcflurry,,,,,,,
1379,_2o80LP-8i8,"Neighbor 4.0 Hit the Drag Strip With His NEW Supercharged Coyote... Started AMAZING, Ended BADLY!!!",888,804000,neighbor,,mustang,,supercharged,drag_pass,,,
1378,loCEs8WxfoA,"We Tested The RAM ""TRX"" vs. The Ford Raptor ""R"" - Factory Supercharged TRUCK BATTLE!!!",1045,1900000,,,f150_or_ford_truck,,supercharged,race_vs,,,
1377,jaSayAQMj4Y,Mullet Just Got MAJOR Weight Reduction... Can't Believe We Got Him This Light!!!,878,773000,,mullet,,,,,,,
1376,zSXT1BgWT2Q,I Did Not Calculate For This... Secure Your Load Folks!!! (My NEW Box Truck),882,1200000,,,,,,,,,
1375,i3ICHBrKl78,"Project ""THUNDER"" Begins... Custom 9"" Rear End, a HUGE Engine, Right Hand Drive!!!",1036,918000,,,,,,build,,,
1374,SZos4zhiBmU,We Put a GIANT 88mm Turbo on Our F-150!!! But It Doesn’t Like It…,1244,1000000,,,f150_or_ford_truck,,turbo,,,,
1373,Ywb9eDKe7tQ,My New JET TURBINE R/C Truck Is INSANE!!! (It’s So Loud),708,647000,,jet_car_or_boat,,,,,,,
1372,pFJadF2mmXE,Tye's Homebuilt Turbo Ranger Just DESTROYED Its Best Pass EVER!! + I Broke McFlurry (36psi of Boost),1509,946000,,mcflurry,,,turbo,drag_pass|failure_or_crash,,,
1371,EBuEOab80CM,I BLEW IT... One Small Mistake Cost Us Our Sprint Boat Race!!! (Day 2 Eliminations),968,604000,,,,boat,,failure_or_crash|race_vs,,,
1370,gnXfEM5qcqg,Repairing My Sprint Boat After Hitting The Fence... It's Back and BETTER THAN EVER!!!,1605,792000,,,,boat,,,,,
1369,UQpfaei-ZBw,Our Twin Turbo GODZILLA Powered Foxbody Just Made HUGE Horsepower!!! (With a Plastic Intake),1044,873000,,godzilla,mustang,,turbo,,,,
1368,dOlfNCMcc7A,"We Used a $2,000,000 Helicopter To Do an Engine Swap!!!",1199,771000,,,,aircraft,engine_swap,build,,,
1367,cghhKvak1Mg,"Here's Why Mullet Has Been Missing For MONTHS... Ruby, McFlurry, & Leroy Return!!!",611,905000,,leroy|mullet|ruby|mcflurry,,,,,,,
1366,-X6Ooj8oqXo,Neighbor 4.0's First MASSIVE BURNOUT... Blew The Tires SO FAST!!! + We've Got Some News :),993,922000,burnout_event|neighbor,,,,,drag_pass|failure_or_crash|burnout,,4.0,
1365,Wy-0slnN-4w,I Attempted the IMPOSSIBLE Drift on Bristol's NASCAR Bank Turns!!! (28 Degrees),1096,930000,nascar_oval,,,,,drift,,,
1364,1rCXs5CnxxI,I Crashed My Hovercraft During Hurricane Idalia (IT HURT BAD),903,1000000,,,,,,failure_or_crash,,,
1363,_4UFL_qaVE4,Neighbor 4.0 Dyno Pulls and First Burnout... This Supercharged Coyote Sounds RIDICULOUS!!!,1059,901000,burnout_event|neighbor,,mustang,,supercharged,dyno|burnout,,,
1362,1Drm8XM-0eU,Neighbor 4.0's Supercharged Coyote Fires Up and Sounds INSANE! + Hurricane Idalia Is Heading For Us,1530,1000000,neighbor,,mustang,,supercharged,drag_pass,,4.0,
1361,krNwi3AChQU,I Stole HeavyD's GIANT Twin Turbine Helicopter For the Day... IT'S SO FAST!!!,923,1300000,,,,aircraft,,,,,
1360,0acSFO1Ygvg,"Testing the BRAND NEW 240hp Turbo Maverick ""R"" In The Dunes... This Thing Is INSANE!!!",640,1100000,,,,,turbo,,240,,
1359,c_zY_QYKIYE,"Travis Pastrana and Cleetus Test The BRAND NEW Can-Am Maverick ""R"" (Best SxS Ever Built)",879,2100000,,,,offroad_utv,,build,,,
1358,mdDzlpFiL4I,Neighbor 4.0 Is Now COYOTE Powered... This Supercharger is HUGE!!! + Corn Cob Testing Fails Badly!,751,801000,neighbor,,mustang,,supercharged,,,,
1357,-KlYww5ehcM,First Rollover In My PERFECT Big Turbo Can Am... Whoops!!! + Our Honda CR500 Returns!,1040,1100000,,,,,turbo,,,,
1356,V5qjewjZSR4,The World's First Utility SxS With an 800hp Supercharged Hellcat Engine... IT'S INSANE!!!,978,2100000,,,mopar,,supercharged,,800,,
1355,wY6VlXga1CM,Project Neighbor Is Finally Getting the Engine He Deserves... (HUGE SuperCharger!!!),783,887000,neighbor,,,,supercharged,build,,,
1354,0jp55WSc9gc,Leroy Jr. Attempts a 9 Second Pass!!! We Added Drag Radials and Emergency Upgrades!,700,772000,,leroy,,,,drag_pass|build,,,
1353,LorPA8YUTHw,Leroy Jr. Hits the Drag Strip and is WAY Faster Than We Thought!!!,883,832000,,leroy,,,,drag_pass,,,
1352,WmXH2tWnYLE,"How To Blow Up a 1,300 Horsepower Supra in One Day...",997,1300000,,,supra,,,,1300,,
1351,PsDNvLaDfxo,FIRST DRIVE and Dyno of Leroy Jr.!!! We Might've Made It Too Fast... (Supercharger is SCREAMIN),798,886000,,leroy,,,supercharged,dyno,,,
1350,TiUvV_m8T0A,I Had To Make a Decision On Buying the Rat Rod Supra.... They Even Upgraded It!!!,1126,1200000,,,supra,,,purchase,,,
1349,xNhyue9APu4,Leroy Jr.'s Whipple Supercharged 408 IS ALIVE!!! This Supercharger WHINES So Loud!!!,973,831000,,leroy,,,supercharged,first_fire,,,
1348,9h7Us6j8g7Y,ESP Jet Sprint Day 2 - We WRECKED Into the Fence!!! My NEW Jet Boat Took Some Serious Damage...,1248,1300000,,jet_car_or_boat,,boat,,failure_or_crash,,,
1347,UfKFv5A6rhY,ESP Jet Sprint Day 1 - I Crashed on My FIRST DRIVE... This Boat is INSANELY Fast!!!,1057,933000,,jet_car_or_boat,,boat,,failure_or_crash,,,
1346,ova5AjMic98,"I Bought an INSANELY Fast Jet Boat From New Zealand... Carbon Fiber, Aluminum, and A LOT of Power!!!",635,866000,,jet_car_or_boat,,boat,,purchase,,,
1345,qkA_fN9-rfw,We Got Leroy Jr. a HUGE Supercharger!!! Might Be The Most Beautiful Blower We've Ever Seen...,965,792000,,leroy,,,supercharged,,,,
1344,5EFHKLO5lm4,"The ""World's Lightest Tesla Plaid"" Called Out My Twin Turbo Porsche at the Track!!!",789,908000,,,porsche|ev,,turbo,,,,
1343,T1-pn9-nSsM,We Converted My Drift Car To Run On TOP FUEL Nitro!!!,1041,978000,,,,,,drift,,,
1342,CMj0LPcDy9o,Our Turbo F-150 Got a NEW Wrap and a BIGGER Turbo! + Leroy Jr. Just Got Some INSANE Parts!!!,950,878000,,leroy,f150_or_ford_truck,,turbo,,,,
1341,MugwiEJexjs,I Just Flew This SUPER Rare Helicopter That Doesn't Need a Tail Rotor!!!,1124,1400000,,,,aircraft,,,,,
1340,dqhyfroOHNI,We Spent 24 Hours Straight in a Racecar,2222,1500000,,,,,,,,,
1339,9TbasODOJGE,Cheap Corvette Kart vs. Expensive Ariel Atom Part 2! (Track Test),967,823000,,,corvette,,,race_vs,,,
1338,87kY5zy94uY,Brand NEW C8 Z06 Corvette Calls Out My Twin Turbo Porsche!!!,866,1100000,,,corvette|porsche,,turbo,,,,
1337,oq55XJNgo4k,I Turned My Raptor F-150 Into a Drift Car!!!,882,1100000,,,f150_or_ford_truck,,,drift,,,
1336,Tbx3Q7Jv_MI,Cheap Corvette Go-Kart vs. Expensive Supercharged Ariel Atom!!!,998,1000000,,,corvette,,supercharged,race_vs,,,
1335,mRJrkyvCAEw,We Turned The Rat Rod Supra ALL THE WAY UP and It Pulls So Hard...,964,1300000,,,supra,,,,,,
1334,XVMFw9Gskyc,"We Might Purchase This SLEEPER Toyota Supra... It's Ugly, But The Build Is INSANE!!!!",1364,1500000,,,supra,,,build,,,
1333,GUKvGJa4Ny8,We Had To Pull The Landing Gear Off Our Carbon Cub.... For These INSANE Upgrades!!!,718,649000,,,,,,build,,,
1332,-i8isGlt2O4,How I Nearly Broke My Neck Driving Adam LZ's Racecar...,1354,1300000,,,,,,failure_or_crash,,,
1331,zLoI3Bmf1SE,Our Last Day In Idaho... Already Damaged My BRAND NEW Mini Jet Boat + Ripping HeavyD's Blackhawk!,1125,849000,,jet_car_or_boat,,boat,,,,,
1330,MPN_tAfhQy4,"We Drove The World's Most INSANE Jet Boat!!!! Twin Corvette Z06 Engines, Tackles HUGE Rapids!!!",719,1900000,,jet_car_or_boat,corvette,boat,,,,,
1329,xwgD3k8hpio,Idaho Day 3: STRANDED On The Snake River! My Mini Jet Boat's Engine BLEW UP After a HUGE Rapid!,1120,1200000,,jet_car_or_boat,,boat,,failure_or_crash,,,
1328,UrEzw2RtZC4,Idaho Day 2: Jackstand's Jet Boat Sustained MAJOR DAMAGE and Nearly Got Swallowed By This HUGE Rapid,2009,2200000,,jet_car_or_boat|jackstand_240,,boat,,failure_or_crash,,,
1327,qOWUlSXF72Y,"Idaho Day 1: Testing Our Jet Boats For Rapids, Sturgeon Fishing, and a Mini Burnout Contest!!!",705,780000,burnout_event,jet_car_or_boat,,boat,,burnout,,,
1326,kkkT3uk5KwY,Using Heavy Equipment To Fix My Damaged Jet Boat!!! I Missed and Really Screwed It Up...,800,734000,,jet_car_or_boat,,boat,,build,,,
1325,WC4EhwM3xE8,Summer Race Week Day 3 - MULLET DOWN... We've Got No Oil Pressure!!! This Is NOT GOOD!,824,860000,,mullet,,,,race_vs,,,
1324,pM7KD9PDjiA,"Summer Race Week Day 2 - Our First Broken Part On Mullet's 5,000hp SMX Big Block...",1275,932000,,mullet,,,big_block,race_vs,5000,,
1323,8c92sKe98QM,"Summer Race Week Day 1 - Mullet Goes 6's FIRST PASS! Hurts a Turbo, Overheats His Oil...CRAP!",1245,963000,,mullet,,,turbo,drag_pass|race_vs,,6.0,
1322,SXtlCnu-6Pc,"Summer Race Week Day 0 - Testing Mullet's ""Fixed"" Converter and Making a Test Hit... Did NOT Go Well",633,715000,,mullet,,,,build|race_vs,,,
1321,KWn5KKEki8k,We CRANKED UP The Boost On My Supercharged Mini Jet Boat... But It's Having MAJOR Issues!!!,880,818000,,jet_car_or_boat,,boat,turbo|supercharged,,,,
1320,UyohrXLJMRI,Of Course Mullet Is BROKEN Right Before Sick Week... This One Hurts!!! + We Got a NEW Towin Truck!,976,859000,,mullet,,,,,,,
1319,0BNqvxwh5ME,Introducing George's Homebuilt Maggie Supercharged Texas Speed Powered Work Truck!!!,1680,1100000,texas_or_events,,,,supercharged,,,,
1318,GImwY-yU_DU,Our Supercharged LS Blazer FINALLY Beat Its Best Pass EVER!!! We've Got The Wheelie DIALED IN!!,989,845000,,blazer,,,supercharged|ls,drag_pass,,,
1317,Nn7ktRxDPJ8,Testing Leroy 2.0's SKETCHY New Weight Bar... PLEASE WORK!!! + Donnie Is Broken...,725,770000,,leroy,,,,drag_pass,,,
1316,318H0JepfTw,We Drove a NEW LT5 Supercharged Cadillac Escalade and It's INCREDIBLE!!!,943,930000,,,cadillac,,supercharged|ls,,,,
1315,oNXNtZJ1w-s,"""SLIPS"" Episode #1 - We Think You Guys Will LOVE This!!! (I Broke Several Vehicles)",1519,1000000,,,,,,failure_or_crash,,,
1314,s1iZ1-e1SfA,MIND BLOWN!!! We Put TOP FUEL NITRO In a Daily Driver and It Made INSANE HORSEPOWER!,1328,2500000,,,,,supercharged,,,,
1313,kWI5dJ1Hl14,Here's My EXTREMELY Nice Supercharged 300hp Mini Jet Boat I've Been Hiding From You All...,937,1000000,,jet_car_or_boat,,boat,supercharged,,300,,
1312,BhMxDhBYj3Q,"Taking Random People On Rides In My 1,100 Horsepower ProCharged Corvette!!!",857,1400000,,,corvette,,,,1100,,
1311,ienHfK5r4v8,My First Rollover Inside The Freedom Factory... But For An EPIC Reason!!!,1426,1100000,freedom_factory,,,,,,,,
1310,s1O6aARqt3I,"More MAJOR Damage On My Mini Jet Boat, Surgery Begins! + An INSANE Sub Woofer Van Destroys Our Ears!",849,745000,,jet_car_or_boat,,boat,,failure_or_crash,,,
1309,qOKS8zu1RAo,We Modded My New Airplane and Now It’s Smoking Like CRAZY…,1294,992000,,,,,,,,,
1308,5seLhiwpF8s,Our Twin Turbo Godzilla Mustang's HARDEST Launches EVER!!!! Then It Broke.... Badly!!,805,799000,,godzilla,mustang,,turbo,failure_or_crash,,,
1307,E8crL25xr5M,"Mullet's FASTEST PASS YET With His 5,000hp SMX Big Block!!! This Thing Is FLYING!",1196,984000,,mullet,,,big_block,drag_pass,5000,,
1306,cTqNki6FWLw,One Wrong Move and I DESTROYED The Fastest R/C Plane I've Ever Owned... (GIANT A-10),1244,1000000,,,,aircraft,,failure_or_crash,,,
1305,2DV7jiTrcmU,Sam Just Bought The NICEST Supra I've EVER Seen!!!,904,1000000,,,supra,,,purchase,,,
1304,jBRzYHUmN8s,"Straightening Out the BENT Frame on Toast, Rescuing the C7, & My Dad Got An Auction Porsche!!!",1107,839000,auction,toast,corvette|porsche,,,purchase,,,
1303,BGu5bqZgMCU,Mullet SHOOK The Tires So Hard In Testing It Caused Body Damage... + 6 Months Ripper Update!,1125,839000,,mullet|ripper,,,,failure_or_crash,,,
1302,f2AUtlT2ukE,Racing My Wife For Mother's Day Was a Bad Idea... (F-150 Does a NASTY 4x4 Launch!!),985,1000000,,,f150_or_ford_truck,,,drag_pass|race_vs,,,
1301,B7UIjA_x13Y,Zach and Tye FINALLY Drove Our Twin Turbo Godzilla Mustang And It Was Absolute CHAOS!!!!,1134,768000,,godzilla,mustang,,turbo,,,,
1300,L7YqFUw8Y6I,This May Be the HARDEST Thing I’ve EVER Done!!! (HOLD ON JET BOAT!),2477,1200000,,jet_car_or_boat,,boat,,,,,
1299,rAHhAkPvM3w,"My Beloved Mini Jet Boat Is Pretty Much TOTALED... 30+ Broken Welds, But It Gets WORSE!!!",844,887000,,jet_car_or_boat,,boat,,,,,
1298,U_sQh5NYuHE,"Attempting To Destroy a $1,600 Set of Drag Racing Brakes... McFarland Parts Testing At Your Service!",1053,1200000,,,,,,drag_pass|race_vs,,,
1297,s4xn9HODeDY,"I CRASHED My 1,500hp Supercharged Burnout Car... AGAIN!!! Might Have Some Frame Damage...",1125,905000,burnout_event,,,,supercharged,failure_or_crash|burnout,1500,,
1296,ZYtQ198u4rM,"Our Twin Turbo Godzilla Mustang Made It To The FINALS!!! The Blazer Goes 8's, Mullet Gets WHOOPED!!",1137,895000,,mullet|godzilla|blazer,mustang,,turbo,drag_pass,,8.0,
1295,-LoalVgJZxg,Mullet Got Absolutely DESTROYED By a Top Alcohol Dragster... But It Was An EPIC Race!!!,1035,1100000,,mullet,,,,failure_or_crash|race_vs,,,
1294,4YU_-PYUQZ8,Shortest Takeoffs BY FAR!!! We Modded Our Carbon Cub and It's Working Amazing!!!,942,754000,,,,,,,,,
1293,9906XX9vPqg,Jackstand's Nitrous Silverado SCREAMS On the Dyno!! + Our Twin Turbo Porsche Gets Airborne!!!,765,724000,,jackstand_240,chevy_truck|porsche,,turbo|nitrous,dyno,,,
1292,biZF2mOZaYI,The Most Freedom I've EVER Heard At Once... + The Blazer Gets a BRAND NEW Engine and It Rips!!!,1129,867000,,blazer,,,,,,,
1291,13FyjuDTKmI,Our Experiment Failed Miserably... Only 30 Hours In!!! + Jackstand's Truck Looks INSANE!!!,1260,1100000,,jackstand_240,,,,,,,
1290,vHgMsVB1354,This Crown Vic Is Going To Run At Full Speed For A MONTH... Let's Begin,1446,1300000,,crown_vic,,,,,,,
1289,3-bm1hD93aM,I Tried To Land My Bush Plane Inside an Oval Racetrack! *SHORT RUNWAY*,1277,1100000,nascar_oval,,,aircraft,,,,,
1288,hk5jUr_P-6U,First Drive on the Freedom Factory's NEWLY Paved Turn! Our Twin Turbo Porsche LOVES IT!!!,752,1000000,freedom_factory,,porsche,,turbo,,,,
1287,LqAodGJ4u_E,We Hosted The Most Dangerous Race Of All Time.... The DANGER RANGER 9000 On Dirt Was INSANE!!!,731,2800000,,,,,,race_vs,,,
1286,ZcbKUKGaGrc,Mullet BARELY Won Street Car Takeover Bristol... McFlurry Might Be Hurt and James Nearly CRASHED!!!,1761,1200000,texas_or_events,mullet|mcflurry,,,,failure_or_crash,,,
1285,KwNfCppSI5E,Mullet Just Went DEEP 6's On LOW BOOST... His 9.3L SMX Big Block Is INSANE!!!!,949,1000000,,mullet,,,turbo|big_block,drag_pass,,6.0,
1284,1nX4Ypqcaf8,Mullet's 9.3L SMX Is Back and Sounds PERFECT + The Toter Gets Some SWEET Upgrades!!!,1051,847000,,mullet,,,,build,,,
1283,sI4gdpCHaNc,The Freedom Factory's Racing Surface Is About To Undergo MAJOR Surgery!!!,735,1000000,freedom_factory,,,,,race_vs,,,
1282,j03fHEc30yQ,I've Been Shifting My 5-Speed Lenko BACKWARDS For Months... INSTANTLY Made My Car WAY FASTER!!!,895,1300000,,,,,,,,,
1281,4LjXzkHWJCg,"This Is Why Mullet's 5,000hp 9.3L SMX Had Metal Shavings In The Oil + KillaB is Running AMAZING!!!",975,1000000,,mullet,,,,,5000,,
1280,601NgMANinQ,"Jackstand Wrecked His Truck, Neighbor's Engine EXPLODED, Zach Hit The Fire Truck... An EXPENSIVE Day",868,973000,neighbor,jackstand_240,,,,failure_or_crash,,,
1279,5MRDcMg9KpM,Our Carbon Cub Gets a Whole NEW Competition Suspension and the Landings Are INSANE!!!,1104,1800000,,,,,,,,,
1278,0YcUCPdy9wg,This Might Be The COOLEST Trailer We've Ever Owned... Very Rare and It Wasn't Cheap!!!,1221,1200000,,,,,,,,,
1277,alug_H3MZnE,I FINALLY WON the Freedom 500 After 3 YEARS Of Losing!!!! Battling 100 Laps For the W!!!,1699,1200000,,,,,,,,,
1276,xnU9F2ChM8Y,We Surprised Zach With His Own Burnout Car and It's An Absolute TIRE SHREDDER!!!,1150,909000,burnout_event,,,,,burnout,,,
1275,wzc5h1oSDOM,We Took Our INSANE Supercharged Ariel Atom Down the Drag Strip!!! + Garza's Miata Gets a Nice Turbo!,975,1100000,,,toyota_other,,turbo|supercharged,drag_pass,,,
1274,qPepys_ko7s,KillaB's NEW 1700hp Blower Engine Is Done! But It Won't Start... + These New Roll Cages Are INSANE!,1015,956000,,,,,supercharged,,1700,,
1273,LFdBOgexrLw,I've Been Hiding Something From You All...,1207,1100000,,,,,,,,,
1272,XkCTDXNLi2E,I Bought the Most INSANE Street Car Ever... DESTROYED My Best Laps Around the Freedom Factory!!!,1028,1600000,freedom_factory,,,,,failure_or_crash|purchase,,,
1271,gNm8S2zvKA8,We Found Mullet's Only Weakness... Leroy Goes Deep Sevens and McFlurry Gets a Trophy! (TX2K Elims),1357,1000000,,leroy|mullet|mcflurry,,,,purchase,,,
1270,Zchn8D7Qm2M,I Almost CRASHED Mullet During TX2K Qualifying... New Engine Has ALL THE POWER!!!,1440,1200000,,mullet,,,,failure_or_crash,,,
1269,JeHrKP6LbeI,"FIRST RUNS With Mullet's NEW 9.3L SMX Big Block, But We Found Metal In The Oil...",1253,1200000,,mullet,,,big_block,purchase,,,
1268,lS2qANeSqOY,"Mullet's 9.3L SMX Big Block FIRST FIRE UP!!! This Thing Is Insane... (5,000 Horsepower)",1020,997000,,mullet,,,big_block,first_fire,5000,,
1267,WS5pkbwfpVY,"Installing Mullet's New 5,000hp 9.3L SMX Big Block... IT BARELY FITS!!! 1 Day Until Our Race...",1200,1000000,,mullet,,,big_block,build|race_vs,5000,,
1266,2PHM0clBH2E,"They Said McFlurry Can't Race Without a Hood... + Leroy's New Carbon Dash Is In, Loading For TX2K23!",1026,974000,,leroy|mcflurry,,,,race_vs,,,
1265,ozI9z7yfYPo,The Freedom Factory Was SOLD OUT!!! The Most Epic Night of Racing & Stunts... Even Won a Trophy!!!,1131,1000000,freedom_factory,,,,,race_vs,,,
1264,ngZyxkRCx8I,We Bought The Most INSANE Street Car Engine EVER For Mullet... 5's Here We Come!!!!,1096,1200000,,mullet,,,,drag_pass|purchase,,5.0,
1263,-vfo_wgyHVc,"BLAZER DOWN!!! We Tried Something New, But The Blazer Had Other Plans!!!",936,1000000,,blazer,,,,,,,
1262,z2ZkXDQFQPs,"We Tried ""No Prep"" Racing With Our Supercharged LS Blazer and It Was NOT Easy To Go Fast!!!",1410,1200000,texas_or_events,blazer,,,supercharged|ls,build|race_vs,,,
1261,UMfM0AwP1wM,We Found The Problem With Our BRAND NEW 7.3L Godzilla Engine... + My New Bus Breaks Down!,954,934000,,godzilla,minivan_or_odd,,,failure_or_crash|purchase,,,
1260,NfnmtXfKh8Y,Leroy 2.0 Wins His First Trophy and Our 7.3L Godzilla Mustang Almost CRASHES!!! (RIP Head Gasket),2100,1300000,,leroy|godzilla,mustang,,,failure_or_crash,,,
1259,jqpXbu36rjQ,UNREAL!!! Our Twin Turbo 7.3L Godzilla Mustang Just DESTROYED Its Fastest Pass Ever!!!,1372,1100000,,godzilla,mustang,,turbo,drag_pass|failure_or_crash,,,
1258,3St8zykx2Iw,We Rebuilt Our 7.3L Godzilla Engine in a Day and We're About To Give It ALL THE BOOST!!!,957,928000,,godzilla,,,turbo,,,,
1257,N4I7k5ijYHI,Introducing Tye's Home Built Coyote Swapped Ranger With a HUGE Single Turbo!!! First Dyno Pulls!,1194,1700000,,,mustang,,turbo|engine_swap,dyno|build,,,
1256,LMVXgmEQiL8,We Cranked Up the Boost and Changed The Color Of My TURBO F-150... You Might Hate It!!!,1009,925000,,,f150_or_ford_truck,,turbo,,,,
1255,C7udbBDqEys,"NEW Supercharged Raptor ""R"" First Drag Strip Passes!!! Can It Beat Our LT4 Supercharged Tahoe??",842,696000,,,f150_or_ford_truck,,supercharged|ls,drag_pass,,,
1254,lTTM_R17vTw,My First Time Driving a Highly Modified Twin Turbo Porsche!!! Should We Do This To Ours?,869,887000,,,porsche,,turbo,,,,
1253,zzv8nPYTz6g,Breaking Down McFlurry's Rod Knocking 7.3L Godzilla Engine... Here's What Happened!!!,649,889000,,godzilla|mcflurry,,,,,,,
1252,8ECGe_hPfHY,Sick Week Day 3 - Mullet's 3000 Horsepower Big Block Finally Blew Up... It Was a Scary Run!!!,983,1100000,,mullet,,,big_block,failure_or_crash,3000,,
1251,r0StZgl7FCM,Sick Week Day 2 - McFlurry Is Broken Down Beyond Repair... Mullet STRUGGLES To Make a Clean Run!!!,1150,1200000,,mullet|mcflurry,,,,,,,
1250,VGCAsmXc7yU,Sick Week Day 1 - We NEVER Thought Our 7.3L Godzilla Mustang Could Go This Fast!!!! (FIRST FULL RUN),1513,1400000,,godzilla,mustang,,,,,,
1249,cyIjf0IzBVI,Our Twin Turbo 7.3L Godzilla Mustang Just Made an INSANE First Test Pass!!!! (HOLY SMOKES!),1017,1100000,,godzilla,mustang,,turbo,drag_pass,,,
1248,PMZzslG5uLg,FIRST FIRE UP of Our Twin Turbo 7.3L Godzilla Engine!!! Made AWESOME Power On The Dyno!!,1572,1200000,,godzilla,,,turbo,dyno|first_fire,,,
1247,Rskcsiw0A44,I Had NO Choice But To Buy This... And It's Freaking FAST!!!!,863,1000000,,,,,,purchase,,,
1246,KV35gdmMIns,Installing a 5 Speed Lenco and Twin Turbos On Our 7.3L Godzilla Swapped Mustang!!!,1070,904000,,godzilla,mustang,,turbo|engine_swap,build,,,
1245,o_8OSOI24zE,Mullet's NEW Engine Is Up and Running!! It's Making Some POWER! (First Drag Strip Hits),1369,1000000,,mullet,,,,drag_pass,,,
1244,b3EDweYS2Qw,We Bought The Most INSANE Transmission Ever For Our Godzilla Swapped Mustang!!!!,899,1800000,,godzilla,mustang,,engine_swap,build|purchase,,,
1243,6A9mRaHOr6U,McFlurry Is Getting Twin Turbskis (Two of the Big Ones) + Transmission Update!,968,799000,,mcflurry,,,,,,,
1242,tud1-8XHDWg,"We Put My NEW Supercharged Raptor ""R"" On The Dyno and Sprayed It With Nitrous!!!",1600,1200000,,,f150_or_ford_truck,,supercharged|nitrous,dyno,,,
1241,yTMIJc4IWPY,Mullet's Big Block Is Back and UPGRADED!!! Leroy 2.0 Starts Up After MAJOR Repairs!!,1253,1000000,,leroy|mullet,,,big_block,,,,
1240,V7dwyzcLars,"We Got a GIANT A-10 Thunderbolt To Replace Our B-2!!! Twin EDF Jets, It SCREAMS!!!",1043,1200000,,,,,,,,,
1239,m6Gsw6-cpe4,"I Traded In My Eco Boost Raptor For a 700 Horsepower RAPTOR ""R"" And It's Absolutely INSANE!!!!",819,1000000,,,f150_or_ford_truck,,turbo,,700,,
1238,32vN2rwXr7Q,Ford's New Godzilla Engine Is INSANE... And We Got It Some Upgrades!!! (First Look In The Engine),1277,1300000,,godzilla,,,,build,,,
1237,gnTVXdrfS4k,We've Been Hiding This Crate From You... + Leroy 2.0's Engine Is Slightly Injured!!!,1005,952000,,leroy,,,,drag_pass,,,
1236,DN7yZUos9LI,You're Not Going To Believe This!!! LEROY 2.0's NEW BEST PASS!!! (Why Leroy... Why),1363,1000000,,leroy,,,,drag_pass,,,
1235,rRqHw4ru084,TOO MUCH SPEED... My Favorite RC Plane EVER Has Been Destroyed!,1340,1500000,,,,aircraft|rc,,failure_or_crash,,,
1234,gA8QCjlHorw,I Added A Super Powerful Jet Engine To My GIANT B2 Bomber... Is It Gonna Work???,906,847000,,jet_car_or_boat,,aircraft,,,,,
1233,iiyEOBNl-Vc,I Destroyed The 4 Wheel Drive System In Our BIG Turbo F-150 Work Truck...,701,905000,,,f150_or_ford_truck,,turbo,failure_or_crash,,,
1232,5gdqWJYlZg4,Ruby's Engine Is Out & Our Godzilla Swapped Fox Body Gets a TON Of Roll Cage!!! (Welding Time Lapse),727,778000,,ruby|godzilla,mustang,,engine_swap,build,,,
1231,51qlKfXoBEY,I Put Floats On My HUGE B2 Bomber R/C Airplane and She CRASHED HARD!!!,1213,2600000,,,,,,failure_or_crash,,,
1230,M6lIbNPQw-A,Leroy's NEW Fastest Run!!! ALL THE BOOST HE'S GOT Going For 6's!!!!,1369,1000000,,leroy,,,turbo,drag_pass,,6.0,
1229,c3iQ505fBD0,The Most INSANE Racing I've Ever Done!! FASTEST I've Ever Been Around the Freedom Factory!!!!,1217,1200000,freedom_factory,,,,,race_vs,,,
1228,D2JICZuWAmM,Our Single Turbo Work Truck Just BLEW BY 1000 Horsepower!!! 4x4 Burnouts Are Insane!!!,881,1100000,,,,,turbo,failure_or_crash|burnout,1000,,
1227,qiYcJNrohwM,Will This Be The Death of My FAVORITE RC PLANE EVER!!!,1305,2000000,,,,aircraft|rc,,,,,
1226,i1jQ6zls_gU,Stoking a Fire With a JET ENGINE AFTERBURNER Will Get The Fire Department Called...,773,749000,,jet_car_or_boat,,aircraft,,,,,
1225,FvKtZn5j7hE,So I Bought Another Race Truck.... It's INSANE!!!!!!,912,1200000,,,,,,purchase|race_vs,,,
1224,EyTtBHlxIys,My Luxurious RIPSAW Tank Is Now Jet Powered (Street Legal in Florida),1044,1000000,,jet_car_or_boat,,,,,,,
1223,jtyqWsc6MJU,Mullet Just Set the Christmas Tree 1/4 Mile WORLD RECORD Deep Into the 6's! (Christmas Drags 2022),1372,1000000,,mullet,,,,drag_pass,,6.0,
1222,JABj3ewTJ-U,My Friends Got Me The COOLEST GIFT EVER!!!! But I Crashed It Immediately...,1690,2500000,,,,,,failure_or_crash,,,
1221,wmSfbl67VSU,Welcome To Our NEW Shop!!! (Hurricane Rated),1117,1000000,,,,,,,,,
1220,lJTGOYP0vGM,I Wheel Hopped Leroy 2.0 and the Damage is DEEP... Quest For 6's Is Getting PAINFUL!!!,841,804000,,leroy,,,,drag_pass|failure_or_crash,,6.0,
1219,ZuMMcVzWdL0,Our Worst Wheelie EVER... Our Supercharged Blazer Went To The MOON!!!!,659,931000,,blazer,,,supercharged,drag_pass,,,
1218,duk3sab3SZg,"Leroy 2.0 Got SO CLOSE To 6's, But I Blew It!!!!! His NEW Fastest Run EVER By A LOT!!!",1476,1000000,,leroy,,,,drag_pass|failure_or_crash,,6.0,
1217,-vJD7eZbOb4,Will This Be The End For the Freedom Factory...,637,1700000,freedom_factory,,,,,,,,
1216,5aIznccQee4,These Guys Showed Up To the River With a TURBO Mini Jet Boat!!! Can We Beat Them??,829,720000,,jet_car_or_boat,,boat,turbo,,,,
1215,HzK4KJxSoTs,Our Twin Turbo Porsche Was DOMINATING Spectator Drags... But One Mistake Took Me Out!!!,1332,1300000,,,porsche,,turbo,,,,
1214,lHG0gFc4J3Q,Our NEW Twin Turbo Porsche Absolutely SCREAMS Around the Freedom Factory!! New Mods & Tune Are FAST!,909,899000,freedom_factory,,porsche,,turbo,,,,
1213,bKAYnpb8f_A,"Our Supercharged F150 Takes On the C7, a Hellcat Swapped RAM 1500, and a Turbo Silverado!!!",989,956000,,,corvette|f150_or_ford_truck|chevy_truck|mopar,,turbo|supercharged|engine_swap,build,,,
1212,5_9o3hfVZyg,"Our New Twin Turbo Porsche Is WAY Faster Than We Thought!!! Beats a C8, GTR, CTS-V and More!!!",910,1000000,,,corvette|nissan|porsche|cadillac,,turbo,,,,
1211,c_2fBH7Q9tM,Wall Ride Test #1 - Can We Break the Freedom Factory's LAP RECORD??,923,3100000,freedom_factory,,,,,drag_pass,,,
1210,BZGSC9kw8fg,We Bandaid'd Leroy's Clutch and Tried Again For 6's!!! + Finally Putting a Funny Car Body on Leroy!,633,982000,,leroy,,,,drag_pass,,6.0,
1209,15xL2sgU5V4,We Bought an Actually Nice Twin Turbski Porsche Turbo S... IT FLYS!!!,973,1000000,,,porsche,,turbo,purchase,,,
1208,xKuW1bWuMqM,Our Supercharged F150 Just Made WAY MORE Power Than We Ever Thought Possible... (C7 Is In Trouble),1294,1100000,,,corvette|f150_or_ford_truck,,supercharged,,,,
1207,y5WXjUzzy6M,OOF… I Destroyed Our NEW Supercharged F150’s 10-Speed Transmission!!! + Godzilla Fox Body Update!,675,816000,,godzilla,mustang|f150_or_ford_truck,,supercharged,failure_or_crash,,,
1206,OTIyc-rKWPs,Leroy Breaks His Record AGAIN!!!!! QUEST FOR 6'S HAS BEGUN... (Bald Eagle Alert),1438,906000,,leroy|eagle,,,,drag_pass,,6.0,
1205,SEgNd59sOoY,Our BLOWN Blazer Attempts Mid 8 Second Runs With NEW Upgrades... It Ends TERRIBLY! (Try #2),995,839000,,blazer,,,supercharged,build,,,
1204,MK67bGrC1Y8,Scaring My Friends In Our Super SLEEPER 9 Second Supercharged F150!!! (IT'S INSANE!),759,1100000,,,f150_or_ford_truck,,supercharged,,,,
1203,H57rGiZRnXc,Leroy 2.0 Just DEMOLISHED His Best 1/4 Mile Times Ever!!! (Faster Than Ruby),1436,960000,,leroy|ruby,,,,drag_pass,,,
1202,mDquAz0MBdg,"Jackstand BLEW UP Killa B's Big Block, I Crashed Neighbor, and Zach & Tye WON LEMULLETS!!!!",1374,957000,neighbor,jackstand_240,,,big_block,failure_or_crash,,,
1201,uDJ6_-l6_9I,These YouTubers CALLED OUT Leroy 2.0.... UNREAL!!! + Ruby's FASTEST Run Ever!,1363,1000000,,leroy|ruby,,,,,,,
1200,64cQtI-qjKg,Leroy 2.0 Damage Report From World Cup... We Tore It Up Good!!!,676,771000,,leroy,,,,failure_or_crash,,,
1199,RAOoBYmiEHg,The Prizes For the 2022 2.4 Hours of LeMullets are TOO SPICY... These Things are SICK!!!!,890,859000,,,,,,,,,
1198,vs6Y--Q9Ijk,"Welcome To The World Little Ripper, Our Son is Here!!!",608,701000,,ripper,,,,,,,
1197,DBih3MRje1g,Introducing My NEW Daily... The FASTEST Street Truck I've Ever Owned!!!,867,1400000,,,,,,,,,
1196,hTiVGFaA9bA,WORLD CUP FINALS DAY 3 - The FASTEST Cars We've EVER RACED... Mullet's Best Passes EVER!!!!,2615,2100000,texas_or_events,mullet,,,,drag_pass,,,
1195,LTqp8F5RnjI,WORLD CUP FINALS DAY 2 - We Hurt Leroy's BRAND NEW Engine With Such a Silly Mistake... Heartbreak!!!,1446,996000,texas_or_events,leroy,,,,failure_or_crash,,,
1194,ghKt-wOoWnQ,"WORLD CUP FINALS DAY 1 - Mullet's Best 1/8th Mile Ever, Ruby Power Wheelies, and Leroy 2.0 STRUGGLES",1424,984000,texas_or_events,leroy|mullet|ruby,,,,,,,
1193,_Bb6MOwajN8,We Found Leroy 2.0's HUGE Boost Leak.... You Guys Were Right!!! (BIG BOOST INCOMING!),774,840000,,leroy,,,turbo,drag_pass|purchase,,,
1192,u2XfP8_zhGE,LEROY 2.0 Just DESTROYED His Previous Records!!!! HARDEST Launches I've Ever Done!!!,2208,1600000,,leroy,,,,failure_or_crash,,,
1191,dZA6JZRhQe4,Leroy 2.0 Hits the Dragstrip and the BATTLE Begins... This Will Not Be Easy!!!,1574,1000000,,leroy,,,,race_vs,,,
1190,yNyGdlPFhq4,Leroy 2.0 is WAY LIGHTER Than We Ever Thought Possible + First 2-Step Check...Time To Dyno!!!,1282,854000,,leroy,,,,dyno,,,
1189,LOCo3sDdvO8,LEROY 2.0 IS COMPLETE!!! Finally Time To Rip + Neighbor is BACK After My Huge Wreck!!!,1184,940000,neighbor,leroy,,,,failure_or_crash,,,
1188,e1xKDHF-v0Q,Ruby's HARDEST Launch Ever Ended Horribly!!!! + The Blazer Goes DEEP Into the 8's!!!,1677,1000000,,ruby|blazer,,,,drag_pass,,8.0,
1187,0hYOgGYQ_c8,We Replaced My Truck's Fuel With BRAKE CLEAN!!! Then Put It On the Dyno! (DO NOT TRY),939,1400000,,,,,,dyno,,,
1186,2vAh3M9QiKE,"LEROY 2.0 IS ALIVE!!! This Thing Sounds Absolutely INSANE, He's Gonna FLY!!",1045,935000,,leroy,,,,first_fire,,,
1185,pEBPU3oESmQ,Leroy's FINAL Parts Have Arrived... This Transmission is INSANE!!! *BALD EAGLE ALERT*,1018,836000,,leroy|eagle,,,,,,,
1184,2g0ElaWVjw8,My Spectator Drags Opponent TOTALED His Car!!! + My POV of the Danger Ranger 9000!,1119,978000,,,,,,,,,
1183,0__RoMU1tNQ,Lapping the Freedom Factory in My 1100hp ProCharged C7... Because I'm Entering a Race!!!,1490,968000,freedom_factory,,corvette,,,race_vs,1100,,
1182,SPNrY3SWNCE,McFarland Paint Gives Leroy a CLEAN Rattle Can Job! Turbo Kit Final Mounting and Wiring is Complete!,1223,853000,,leroy,,,turbo,,,,
1181,koZTrp_MyrM,This Truck Is Racing In the Danger Ranger 9000... Is This Fair????,779,829000,,,,,,race_vs,,,
1180,6aJVWfLJ8P0,FL2K22 Day 3 - The FASTEST Races Of My Life!!! The Most INSANE Day In McFarland Racing History!,3420,3600000,fl2k,,,,,race_vs,,,
1179,aZJCsZ6miss,FL2K22 Day 2 - Mullet Just DESTROYED His Best Pass Ever!!!! Over 213mph... INSANE New Numbers!!!,1917,1200000,fl2k,mullet,,,,drag_pass|failure_or_crash,,,213
1178,UaEuYcAtGxU,"FL2K22 Day 1 - Mullet Goes 206mph, The Blazer's Launch is DIALED IN, James' 240 is DONE!!!",1445,947000,fl2k,mullet|blazer,nissan,,,drag_pass,,,206
1177,WIwn-sy7N5U,Testing For FL2K Was SHAKY! Big Problems For Mullet!!! + The Blazer Tried To Beat Ruby...,1419,870000,fl2k,mullet|ruby|blazer,,,,failure_or_crash,,,
1176,iGIKmLLjeHI,I Bought The Biggest Skid Steer that Bobcat Makes!!! + We're Pulling the Plug On Leroy...,1017,881000,,leroy,,,,purchase,,,
1175,K9C36ah_QI8,Testing Our Supercharged LS Blazer For the First Time Since Its HUGE Wheelie Wreck! IT RIPS!!!,947,928000,,blazer,,,supercharged|ls,drag_pass|failure_or_crash,,,
1174,Z_jlsHDMrw8,Trying To Save Our Cars From the Hurricane Damage + Jet Boat Search and Rescue In Major Flooding,1023,1600000,,jet_car_or_boat,,boat,,failure_or_crash,,,
1173,yjkDL1A80UI,Hurricane Ian Damage Report at the Freedom Factory & Our Shop,795,1500000,freedom_factory,,,,,failure_or_crash,,,
1172,OxDg0mKL-Vw,The Freedom Factory and Our Shop Are About To Get NAILED By Hurricane Ian...,1001,1000000,freedom_factory,,,,,,,,
1171,vquM231-uFo,"Leroy 2.0 Will Destroy ALL!!! Turbos Are Mounted, Transmission Is In, Wiring Has Begun!!!",1125,811000,,leroy,,,turbo,,,,
1170,RtlTm-nclJw,Our Local River Is EXTREMELY Flooded... Jet Boating MILES Off the Main River!!!,997,759000,,jet_car_or_boat,,,,,,,
1169,7BYg_SM7ZRM,I'm Selling My 70mph Duramax Luxury Tank... It Ain't Cheap!!!,631,645000,,,,,diesel,,,,70
1168,qmu2oRnb3Lo,We Drained Our Engine's Oil and Replaced It With Diesel Fuel!!! How Far Will It Go??,1032,1500000,,,,,diesel,,,,
1167,8YW5ruu2A7A,"Finding a Location For Leroy's HUGE Turbos, and Cutting Off EVERYTHING We Don't Need!!!",1098,775000,,leroy,,,turbo,,,,
1166,bEl4WV2O6-w,The BRISTOL 1000 Pile Up... My View of the Wreck and How This Will Change the Future of Our Races,923,823000,,,,,,failure_or_crash,,,
1165,98UQ4FHS39E,WE WON!!!! Our First Ever Victory At a Jet Sprint Race! Pushing Our SuperMod Jet Boat to the LIMIT!,1114,659000,,jet_car_or_boat,,boat,,race_vs,,,
1164,r9fXXLLsrM4,"My Second Time JET SPRINT Racing!!! Battling For the #1 Spot, But Our Engine is Unhappy!!!",1195,544000,,jet_car_or_boat,,,,race_vs,,,
1163,kWUk8ZBFQ1g,TOAST and KILLAB Go Head to Head at Cleetus and Cars Bristol!!! I DIDN'T CRASH!!!,881,685000,cleetus_and_cars,toast,,,,failure_or_crash,,,
1162,_Cou9KBH16U,I Totaled My Favorite Burnout Car... It's SO Bad!!! Can This Even Be Fixed??,886,1100000,burnout_event,,,,,build|burnout,,,
1161,lhH8y70YNC4,"We Made It To BRISTOL!!!! Doing Laps in the Dale Truck, Neighbor, Toast, Toter Home, and More!!!",1326,1200000,nascar_oval|neighbor,toast,,,,,,,
1160,5i3rykGOeIg,Jackstand's Burnout Silverado Gets a 408 Stroker and More NITROUS Than Ever Before!!! (Sounds Spicy),1061,731000,burnout_event,jackstand_240,chevy_truck,,nitrous,burnout,,,
1159,uVtultyG3oU,Corn Cobb Test #3 - This New MOPAR Race Engine is INSANE!!! Absolutely Shreds Tires!!,991,782000,,,,,,race_vs,,,
1158,R4HxyDzMebU,The Fastest I've EVER Blown Up an Engine... HOW!?!? + Corn Cob Gets a Late Model MOPAR Race Engine!!,1870,1400000,nascar_oval,,,,supercharged,failure_or_crash|race_vs,,,
1157,qDp5r-bdTyg,We FINALLY Found Ruby's Problem!!!! Dyno Success and Straight To the Track! *BALD EAGLE SCREECH*,1099,907000,,ruby|eagle,,,,dyno|failure_or_crash|purchase,,,
1156,7T4iMCaqH4o,Corn Cob 2nd Test - How To Destroy An Engine With Horrendous Carburetor Tuning... RIP!!!,766,691000,,,,,,failure_or_crash,,,
1155,7qqzUJNqcuc,Mullet's Door RIPPED Open On the Drag Strip & The Mystery Machine RETURNS!!!,734,783000,,mullet,,,,drag_pass,,,
1154,WhEZ11xFQEU,Corn Cob 1st Test - The Cutest Burnout Car Ever... But It'll Destroy Your Ears!!!,940,861000,burnout_event,,,,,burnout,,,
1153,s2m2nEh-OoY,I Broke The Ripsaw Tank and We've Decided On Our Pace Car For the BRISTOL 1000!,674,663000,,,,,,failure_or_crash,,,
1152,xX44sx9X1SE,Our Mini Duster Project Has EVOLVED.... Heads/Cam/Zoomies and Some FREEDOM!!! (Sounds Insane),1032,717000,,,,,,build,,,
1151,XQMsWFPBAFY,I Had a MAJOR Brain Fart at Klutch Kickers... Even Destroyed My Own Grass (Banned Myself),1152,722000,,,,,,failure_or_crash,,,
1150,uoDPqdzBlog,We Fixed Ruby and Took Her Out For Some SPICY Rips... She Left Us Stranded!!!,704,763000,,ruby,,,,build,,,
1149,5zv87sTG-IU,Testing Crown Vics For Our Legendary BRISTOL 1000 YouTuber Race!!! Will It Make It 100 Laps???,1627,1100000,,,,,,race_vs,,,
1148,3P_FDc6MDsY,My First Major Stadium Super Truck Wreck... Here's What Happened!!!,981,705000,,,,,,failure_or_crash,,,
1147,-6G7rrnMDLs,Stadium Super Trucks Nashville Race 1 - My Truck Got WRECKED... So Much Carnage!!!,1247,595000,,,,,,failure_or_crash|race_vs,,,
1146,1vPnTiykeHM,Here's How I Qualified LAST PLACE In Super Stadium Trucks Nashville... The Track is INSANE!!!,1134,582000,,,,,,,,,
1145,MTAjTpHSRK8,Our DUSTER Burnout Car Project Begins... We're STUCK!!! What Engine??,956,753000,burnout_event,,,,,build|burnout,,,
1144,XqYi1tPjPMk,Vaughn Gittin Jr. Flew In To Help Me Tackle My New Drift Car... NOW IT'S INSANE!!!,1265,872000,,,,,,drift,,,
1143,pLI89n5VXgo,The Mountain Dew Mini Jet Boat RETURNS!!! Taking the BoostedBoiz' New K-Swapped Jet Boat Out!,832,659000,,jet_car_or_boat,,boat,engine_swap,build,,,
1142,rrKxOnzWjK8,Our FIRST Jet Boat Sprint Race Was INSANE!!!! Only Crashed Twice... But It Was AMAZING!!!,1883,1200000,,jet_car_or_boat,,boat,,failure_or_crash|race_vs,,,
1141,wltEkq1BjTc,Our First Time At a JET BOAT SPRINT Track... Here's How It Works!!! + Tuning an LS Jet Boat!,1052,889000,,jet_car_or_boat,,boat,ls,,,,
1140,34eTDbrrxac,My First Time Driving a Super Modified JET SPRINT Boat... Absolutely INSANE!!!!,1193,966000,,jet_car_or_boat,,boat,,,,,
1139,yRjkI5bxCE0,LEROY IS EVOLVING... His New Rear EXO Cage and Suspension Are INCREDIBLE!!!,736,857000,,leroy,,,,,,,
1138,VqTF2mUcTS0,Ruby Has MAJOR Problems and Mullet Gets WHOOPED... McFarland Racing Fails Miserably at SCT Indy!!!,1124,805000,texas_or_events,mullet|ruby,,,,failure_or_crash|race_vs,,,
1137,kXbi7Vh0NKI,The Blazer's BIGGEST WHEELIE EVER... It's Hurt BAD!!! (Street Car Takeover Indy Part 1),798,924000,texas_or_events,blazer,,,,drag_pass|failure_or_crash,,,
1136,8JlKUL3EEFM,The Lowest Horsepower Dyno Pull We've Ever Had... (Get The Nitrous!),829,1000000,,,,,nitrous,dyno,,,
1135,_LNstYP4Nv0,The Blazer is FIXED and Sounds Perfect! Ruby is Finally Back Up and Running!!!,657,749000,,ruby|blazer,,,,build,,,
1134,7HuhHLKHhps,We're Having a Baby... My Best Build Yet!!!,820,1000000,,,,,,build,,,
1133,x5UIdz9ircE,The NEW Home For Our 7.3 Ford GODZILLA Engine Has Been Chosen! It Fits PERFECT!,856,979000,,godzilla,,,,,,,
1132,cHLKMoj8Bn0,This Is Why Our Beloved Drag Strip Closed...,646,1200000,,,,,,drag_pass,,,
1131,Ms03AOtvD4A,The Death of My Subaru Van & Tye's NEW Jet Boat is FINALLY Done! 4th of July With Cleetus McFarland!,684,676000,,jet_car_or_boat,,boat,,,,,
1130,nWq4liToteA,Mullet Was On His BEST PASS EVER and Broke... This Is a Problem!!! & James' 240 Does a Wheelie!,961,875000,,mullet,nissan,,,drag_pass|failure_or_crash,,,
1129,GSRC914se7o,Leroy Is About To Have The BEST Racing Suspension In Our Fleet... BIG SHOP UPDATE!,1239,900000,,leroy,,,,race_vs,,,
1128,VswO0V6DAkU,FIRST TIME Ripping My RTR Mustang At The Freedom Factory!!! Forgot I Have Huge Tires... I Messed Up!,740,870000,freedom_factory,,mustang,,,,,,
1127,1Yu2p4eimpQ,I Almost Sank My Supercharged Mini Jet Boat In One Of Idaho’s Most Legendary Rapids!!!,846,1600000,,jet_car_or_boat,,boat,supercharged,,,,
1126,_yncRe05nS0,We Took Jet Boats Up the Most AGGRESSIVE White Water Rapids In Idaho... It Was INSANE!!!,1483,2600000,,jet_car_or_boat,,boat,,,,,
1125,URO_25amQUE,RACE WEEK Days 6 & 7 - Turning the Blazer Up For an 8 Second Run!!! Mullet Finally Breaks Down...,1368,963000,,mullet|blazer,,,,race_vs,,,
1124,3dqBCMGYwoc,RACE WEEK Day 5 - Mullet Locks In an Overall Lead and The Blazer Makes Its BEST PASS YET!!!,1309,1000000,,mullet|blazer,,,,drag_pass|race_vs,,,
1123,bLpeubFC9_k,RACE WEEK Days 3 & 4 - The Mountain Air Was So Thin We Put Nitrous on MULLET!!! (it backfired),2313,1800000,,mullet,,,nitrous,race_vs,,,
1122,UpNplc8lwJk,RACE WEEK Day 2 - The Blazer's First Street Drive Was BUMPY & Mullet Makes a RIPPING 207mph Run!!!,1332,930000,,mullet|blazer,,,,race_vs,,,207
1121,JFszhQQDX8o,I Bought Vaughn Gittin Jr.'s Old Formula Drift Car... Its Engine Can Be Heard From Space,985,973000,,,,,,purchase|drift,,,
1120,Ew5oP_v6Cfo,RACE WEEK Day 1 - The Blazer's Brake Pedal Broke Sending It FLYING OFF The Drag Strip...,1733,1700000,,blazer,,,,drag_pass|failure_or_crash|race_vs,,,
1119,1Xwy_TeHkpc,Our LS Swapped Supercharged Blazer Hits the Dyno!!! It Made INSANE Torque Numbers!!!!,757,829000,,blazer,,,supercharged|ls|engine_swap,dyno|build,,,
1118,BmnoxawB274,The Blazer's Texas Speed BLOWER Engine FIRES UP One Day Before Race Week!!!! (Sounds Unreal),1467,885000,texas_or_events,blazer,,,supercharged,race_vs,,,
1117,YPdWm1xvOeA,I Sank My Mini Jet Boat After Blowing a MASSIVE Hole In the Side...,1312,2200000,,jet_car_or_boat,,boat,,,,,
1116,5uHH96HDQao,"We Sent Our Supercharged Mini Jet Boats 3,000 Miles To Idaho... and Got ROCKED By Rapids!!!",1486,1400000,,jet_car_or_boat,,boat,supercharged,,,,
1115,C05RoKza9PU,Midwest Drag Week DAY 3 - We May Have Hurt Mullet's Turbo 400... Can He Still Limp To a Win??,912,787000,texas_or_events,mullet,,,turbo,drag_pass|failure_or_crash,,,
1114,TCWcU9b5lyA,This Is The World's COOLEST SuperCharged Mini Jet Boat... Here's Why We Bought It!!!,1127,936000,,jet_car_or_boat,,boat,supercharged,purchase,,,
1113,PnQRlkIH3xc,Midwest Drag Week DAY 3 - MULLET'S FIRST Drag n Drive 6 SECOND PASS!!!,1166,862000,texas_or_events,mullet,,,,drag_pass,,,
1112,5601JAmBt4o,Midwest Drag Week DAY 2 - Mullet FINALLY Hooked Up and Ran His HIGHEST SPEED EVER!!!,1058,836000,texas_or_events,mullet,,,,drag_pass,,,
1111,pvriqPoUbG4,Midwest Drag Week DAY 1 - Mullet's First FULL 1/4 Mile Runs With the Big Block! Spinning Like CRAZY,1437,970000,texas_or_events,mullet,,,big_block,drag_pass,,,
1110,tIPO1cqJw30,We Broke Mullet On His 2nd Test Pass With the Big Block... *POWER WHEELIE ALERT*,1135,1000000,,mullet,,,big_block,drag_pass|failure_or_crash,,,
1109,lWXmV1V1R3g,Mullet's NEW Big Block Just CRUSHED Our Dyno Record.... Effortlessly!!!,980,1000000,,mullet,,,big_block,dyno|drag_pass,,,
1108,ngd3LIHmaFs,FIRST FIRE UP of Mullet's 3000 Horsepower Twin Turbo Big Block!!! **BALD EAGLE SCREECH**,755,767000,,mullet|eagle,,,turbo|big_block,first_fire,3000,,
1107,F9vTzBaIl78,FINALLY Putting Mullet On a Bigger Tire For The BIG BLOCK Power... (BARELY Fits!),717,701000,,mullet,,,big_block,,,,
1106,E9oreFj8Hv8,"Mounting TWO Massive 94mm 2,000 Horsepower Turbos To Mullet... ***FREEDOM OVERLOAD***",1218,781000,,mullet,,,turbo,,2000,,
1105,iCNgLftLc4k,We Got a Hollywood Grade .50 CAL Prop Gun For the RIPSAW and It's Actually INSANE!!!,768,616000,,,,,,,,,
1104,yD8pdFvHBX4,Mullet's Carbon Doors Are On and Look AMAZING!!! + Street Fuel System is DONE!,762,723000,,mullet,,,,,,,
1103,SoA8L_vfFxk,Took My 2022 Ford Raptor To The Drag Strip + Battling a PRIUS Around the Freedom Factory!,849,631000,freedom_factory,,f150_or_ford_truck|toyota_other,,,drag_pass,,,
1102,CxjrsPhCGFA,Mullet's Twin 94mm Turbo Kit Begins!!! These Things are HUGE! (Guess Their Weight),639,671000,,mullet,,,turbo,,,,
1101,rroRHzmV2RI,Tearing Apart Mullet's Deeply Damaged LS... IT'S BAD!!! + New Ultra Lightweight Parts are HERE!!,720,703000,,mullet,,,ls,,,,
1100,pjaKO4WBX-4,Fully Installing Our LS Blazer's NEW Blower Engine! (IT'S HUGE) + Freedom Factory Concrete Mods...,823,771000,freedom_factory,blazer,,,supercharged|ls,build,,,
1099,9eUStbE6Mcw,Upgrading My 2022 Ford Raptor and Spanking a New Subaru STI In an Off-Road Barrel Race!!!,917,842000,,,f150_or_ford_truck,,,race_vs,,,
1098,fLRb7_jztuM,We Thought Neighbor's Brand New Engine Was Hurt... You Tell Me!,774,780000,neighbor,,,,,failure_or_crash,,,
1097,1Csd_lI7d2c,My First Time Driving an Airboat... ProCharged LS Blew My Hairline Back an Inch!!!,1028,1100000,,,,,ls,failure_or_crash,,,
1096,6mMZMut_hkw,Our LS Swapped Blazer RETURNS & Leroy's Transmission Relocation Begins!!! (Not Even Close),631,739000,,leroy|blazer,,,ls|engine_swap,build,,,
1095,uSEz0Oh_PMM,We Legit Cut Leroy in HALF... Putting a Straight Axle and 4-Link in Our Corvette!!!,1075,861000,,leroy,corvette,,,,,,
1094,oarM4bz1BUs,Introducing the Most POWERFUL Engine We've EVER Owned... (It's BEAUTIFUL),987,930000,,,,,,,,,
1093,pUPRfhfZKsA,"The Long Awaited RETURN of LEROY THE SAVAGE!!! Fresh Engine Arrives, Transmission Plans, Etc!!!",1079,776000,,leroy,,,,,,,
1092,rqcA88S4XsM,Took Our Luxury RIPSAW Tank To the Florida Everglades!!! (BOTTOMLESS MUD),810,710000,,,,offroad_utv,,,,,
1091,jCcsZC633w0,Which Car Should We Put Our NEW 7.3 Liter Ford GODZILLA Engine In??? (2 New Rippers),1025,813000,,godzilla,,,,,,,
1090,mrjrkwDkN_c,Jackstand's FIRST EVER Skid In KillaB!!! Lost In the Smoke But It Was INSANE!,1298,910000,,jackstand_240,,,,,,,
1089,6KrlCY7Bz9I,Mullet vs. Twin Turbo Mustang In the Street Car Shootout Finals... FULL BOOST On a Hurt Engine!!!,903,740000,,mullet,mustang,,turbo,failure_or_crash|race_vs,,,
1088,PUEfyTxzvx0,SLINGSHOT ENGAGED! Testing Our Nitrous Crown Vics on INDY's Huge Oval Track Went AMAZING!,1174,698000,nascar_oval,,,,nitrous,,,,
1087,8cRgwfYbsYA,We Bought One of the BADDEST Burnout Cars To Ever Exist!!! (Supercharged Methanol Big Block),1551,1100000,burnout_event,,,,supercharged|big_block,purchase|burnout,,,
1086,rAaZtbf9Wsg,Our New 10.3 Liter Engine Made WAY MORE Horsepower Than We Thought... and It Absolutely RIPS!!!,932,911000,,,,,,,,,
1085,EX8d23Mh1Ok,"Rodney Gets New Turbos, Mullet Gets New Bearings, Random Feller Brings Us a Junkyard Engine!!!",954,666000,,mullet,,,turbo,,,,
1084,7YBaNPGiTS0,Putting Our 10.3L Big Block On the Dyno For the First Time!!! (Big Trouble),994,801000,,,,,big_block,dyno,,,
1083,5W5_9RdzEgc,"After 3 HARD Days on the Dyno, Our 1000 Horsepower Police Car Is Back and More Insane Than EVER!!!",1443,848000,,,,,,dyno,1000,,
1082,gBTcmrNchvg,We Got Mullet RIPPING In Testing!!! Then We Found Metal Shavings...,840,665000,,mullet,,,,purchase,,,
1081,_xkIZWeDliY,"HOLD OUR FREEDOM... First Fire Up of the 10.3 Liter Big Block, It's INSANE!!!",764,1000000,,,,,big_block,first_fire,,,
1080,eZImGsiT9aQ,Took Ruby Testing and STILL Cannot Figure Out What's Wrong... What Could This Be??,849,678000,,ruby,,,,,,,
1079,fvRP-i9p3D4,We Got One of Ford's GIANT New Godzilla Engines!!! 7.3 Liter Pushrod Freedom Ripper!!,758,1000000,,godzilla|ripper,,,,,,,
1078,LfTZykhFO5s,Neighbor's Brand New VMP Supercharged GT500 Engine First Fire Up On PURE METHANOL!!!,901,703000,neighbor,,mustang,,supercharged,first_fire,,,
1077,R5RtYmGgWBI,I'm Going To Start Taking Drifting More Serious... (Klutch Kickers Was INSANE!),933,601000,,,,,,drift,,,
1076,hQXyAYubvWY,Finally Installing the BIGGEST Engine I've Ever Owned!!! 10.3 Liters of American FREEDOM!!,1056,1000000,,,,,,build,,,
1075,uD0vd3xR1YQ,"Upgrading Donnie To Make Him Competitive For Klutch Kickers... INSANE GRIP, About Crashed Him!",701,580000,,,,,,failure_or_crash,,,
1074,60p1ZtuXfy0,Driving the World's ONLY Twin Turbo LS Swapped Manual Lamborghini Huracan... and It's a RIPPER!,1085,918000,,ripper,exotic,,turbo|ls|engine_swap,build,,,
1073,nukTUcxwckE,Mullet WINS at LS Fest West With Literally Zero Fuel To Spare!!! (3 Runs Without Fuel/Removing Hood),1371,860000,,mullet,,,ls,,,,
1072,E_DNhAPu9BA,"LS Fest Las Vegas Day 1 - Mullet, Donnie, and WT Arrived!!! Time to Test Everything!",855,747000,,mullet,,,ls,,,,
1071,svKGg9ys1n0,Driving a Tank To McDonald's - The American Dream,1092,3200000,,,,,,,,,
1070,WYPgulSm76s,Why Did I Wait So Long To Buy the BEST DAILY EVER! And How My Dually Got Damaged...,985,962000,,,,,,purchase,,,
1069,smh4SMa28Lk,The Strangest Racing Test Mullet Has Ever Gone Through... And He Did it Flawlessly!!!,1027,810000,,mullet,,,,race_vs,,,
1068,b2Fl2E4FMpY,Neighbor is FINALLY Getting The Parts He's Needed for a Long Time... Mullet is ALMOST Ready to Rip!,739,644000,neighbor,mullet,,,,failure_or_crash,,,
1067,pVd0rjbBvvk,WE RENTED A FREAKING STADIUM!!!! The United States Biggest Burnout Contest & Crown Vic Race!!!,786,656000,burnout_event,crown_vic,,,,burnout|race_vs,,,
1066,JKrfWbs6mss,I Made the ULTIMATE MISTAKE At My First Stadium Super Truck Race... Lost It All,1763,1500000,,,,,,race_vs,,,
1065,tVlHZEa06JE,Neighbor's Supercharged GT500 Engine Was Basically Destroyed... + Mullet Is FIXED!!!,1024,798000,neighbor,mullet,mustang,,supercharged,build|failure_or_crash,,,
1064,kWsyATj39fE,Welp... I'm Trying a Sport I've Always DREAMED Of Doing!!! (w/Vaughn Gittin Jr & Robby Gordon),1835,1400000,,,,,,,,,
1063,CL4YDN43Q3o,The BEST Burnout I've Ever Done!!! Toast and KillaB DESTROY The Skid Pad at Cleetus and Cars!,854,776000,cleetus_and_cars|burnout_event,toast,,,,burnout,,,
1062,Iiux5DNRVyk,The Australians Figured Out Some Problems With Toast + Freedom 500 DAY IS HERE!!!,819,845000,,toast,,,,failure_or_crash,,,
1061,NaYPXmvhF4o,"After Waiting For Over 2 YEARS, The Australians Have Returned and Absolutely SENT IT In KillaB!!!",881,841000,,,,,,,,,
1060,8klw9pb1r_4,Surprising My Mechanic With the Most RIDICULOUS Daily Driver Of All Time... (You Can't Guess),979,1100000,,,,,,,,,
1059,n4c9kE1v7Hg,I Ripped a SUPER Late Model and It Was Absolutely INSANE... (Most Grip Ive Ever Felt),1372,1500000,nascar_oval,,,,,,,,
1058,Ooh_OGdJSO0,"Renovating an Abandoned Racetrack Part 13 - FINALLY Painting the Track, Bathroom Repairs & More!!!",961,842000,abandoned,,,,,build,,,
1057,d54igoemoaM,Here's What Happened To Mullet's Engine In Texas...,854,762000,texas_or_events,mullet,,,,,,,
1056,r9jpD7U7rNw,I Crashed My Dirt Car Pretty Badly…,707,786000,,,,,,failure_or_crash,,,
1055,57fYlEMieSY,I Bought a VERY Special Lamborghini Murcielago.... (Freedom Powered),769,958000,,,exotic,,,purchase,,,
1054,wKeObBvRkPg,I Entered the Bristol Dirt Nationals and I've Never Ever Driven a Dirt Car...,875,1000000,,,,,,,,,
1053,toNw6pufnt4,TX2K22 Day 3: An EPIC Start For Mullet's Race Day Ends Badly... KNOCK KNOCK (Out of Nowhere),719,737000,,mullet,,,,race_vs,,,
1052,UKGo665SK-E,TX2K22 Day 2: Ruby Goes BOOM On The Starting Line and Mullet BARELY Qualifies!!!,1094,805000,,mullet|ruby,,,,,,,
1051,1np4eSVyKnU,TX2K22 Day 1: Ruby and Mullet Line Up In Qualifying and BOTH Have New/Weird Problems...,873,791000,,mullet|ruby,,,,failure_or_crash,,,
1050,5Qx4eDU-Xko,Assessing Damage To Mullet's Engine After the 6... BARELY Repaired In Time For TX2K22!!! (LETS GO!),1129,750000,,mullet,,,,failure_or_crash,,,
1049,4eg-jw98L5A,"Well Guys It Finally Happened... Our 1,000hp Crown Vic GT500 Engine Is Coming Out!!!",788,750000,,crown_vic,mustang,,,,1000,,
1048,HM9sE7LA89w,FINALLY!!! MULLET'S FIRST EVER 6 SECOND PASS!!! (Over 200mph) *Bald Eagle Screech*,2254,1700000,,mullet|eagle,,,,drag_pass,,,200
1047,Ta1k81xHVPE,Mullet is READY For a 6 Second Pass... Firing Him Up For TX2K22 Testing!! + Marauder Winner Is Here!,1059,698000,,mullet|marauder,,,,drag_pass,,,
1046,-TeVxpcDA0s,Mullet Returns... and Ruby FINALLY GETS A HOOD!!! Prepping Our Racecars for TX2K22!!!,947,778000,,mullet|ruby,,,,,,,
1045,CrX3fyQOMVU,FINALLY Turning Up Ruby's 98mm Precision Turbo!!! (EFFORTLESSLY Runs 7's),1427,853000,,ruby,,,turbo,drag_pass,,7.0,
1044,5XrErqAbs1w,FINALLY... After 3 Years Our Methanol Supercharged Big Block Camaro is Running How It Should!!!,823,839000,,,camaro,,supercharged|big_block,,,,
1043,VqjbUzeB6pI,Madi and Cleetus Official Wedding Video (Burnout Included),1082,982000,burnout_event,,,,,burnout,,,
1042,PYnvWXc7fkE,Effortlessly Dragging and Running Over Cars In My Duramax RIPSAW Tank!!!,827,774000,,,,,diesel,,,,
1041,yh9xK1jYyRw,We Had a Bad Crash... (Just Bought This Car),989,2300000,,,,,,failure_or_crash|purchase,,,
1040,uxVB-cHgvo0,Turbo SLEEPER Marauder vs. Turbo Fairmont vs. Supercharged Nova!!! My Last Pass in the Marauder!,1354,1200000,,marauder,,,turbo|supercharged,drag_pass|race_vs,,,
1039,Dh7X1Pl2fbE,Our Blower Camaro is FIXED and RIPS!!! But It Needs One Thing BADLY...,1048,842000,,,camaro,,supercharged,build,,,
1038,UoQ8_9PGkGI,We're Taking Our YouTuber/Pro Driver Crown Vic Races To the NEXT LEVEL!!! +Freedom 500 Drivers List,1035,776000,,crown_vic,,,,,,,
1037,DhDIWG6Qyc8,Luxury RIPSAW Tank vs. Deep Nasty MUD... This Thing is INSANE!!!,972,2400000,,,,offroad_utv,,race_vs,,,
1036,pYu-mLMR6bY,"Our LS Swapped Blazer Just Went Through MAJOR Surgery! Full Roll Cage, Sub Frame, Motor Plates, etc",1208,963000,,blazer,,,ls|engine_swap,build,,,
1035,mdwv-PzyeqE,Repairing Problem After Problem On Our RIPSAW Tank... Now To Test Its TOP SPEED!!!,1255,967000,,,,,,failure_or_crash,,,
1034,4VZmqHL8TC0,We Broke Our Ripsaw Tank on Day 2 of Ownership...,979,1100000,,,,,,failure_or_crash,,,
1033,Oq9wp1wfJ1U,We Bought a RIPSAW TANK!!! 700hp Duramax Powered Tank That Does 70mph! (Very Rare),1501,2200000,,,,,diesel,purchase,700,,70
1032,yFQZ8yxrhL8,I Caused a Wreck In My First Stock Car Race at the Freedom Factory...,1688,817000,freedom_factory,,,,,failure_or_crash|race_vs,,,
1031,-bS_jB0fA-8,Sick Drag Week Day 5: Trying for 6's... Mullet's FASTEST Mph Ever!!! Sam Runs His Best Pass Yet!,974,772000,texas_or_events,mullet,,,,drag_pass,,6.0,
1030,8HdjM6Wx0jw,The FASTEST Laps I've Ever Done at the Freedom Factory!!! First Time Driving a Real Oval Racecar!,800,719000,freedom_factory|nascar_oval,,,,,,,,
1029,R6c1QqhmqbM,"Sick Drag Week Day 4: Ruby Runs a PERFECT Pass, Mullet and the Marauder are FIXED!!! (let's go!)",1300,797000,texas_or_events,mullet|ruby|marauder,,,,drag_pass|build,,,
1028,V0iu29MzEjs,"Sick Drag Week Day 2 & 3: It Was a BAD Day... Mullet Down, Ruby Mysteries, Marauder Backfires...",1937,1000000,texas_or_events,mullet|ruby|marauder,,,,drag_pass,,,
1027,5ri0IkwSAUY,"Sick Drag Week Day 1: We Turned Mullet WAY Up, But Problems Arose... Ruby Runs Nearly PERFECT!",1597,866000,texas_or_events,mullet|ruby,,,,drag_pass|failure_or_crash,,,
1026,ywYor1RWGws,"SLEEPER Turbo Marauder Beats a Modded Hellcat, C8, BMW and More at the Drag Strip!!!",1053,1300000,,marauder,corvette|mopar|bmw_audi_vw,,turbo,drag_pass,,,
1025,CxZKXNDGHu8,Testing Mullet's INSANE New Race Engine... FLYING On Half The Boost We Normally Run!!!,903,812000,,mullet,,,turbo,race_vs,,,
1024,OOyTDfbU7lo,The BADDEST Race Engine We've Ever Had.. Installing It In Mullet and Firing It Up!!! (ALL THE BOOST),793,835000,,mullet,,,turbo,build|race_vs,,,
1023,4kX7CkSarZ0,Our Ultimate SLEEPER Turbo Marauder Is Done and It's INSANE!!! (Fastest Its Ever Gone),761,1100000,,marauder,,,turbo,,,,
1022,Qr0cguETys0,Jackstand Got a New Street SLEEPER and It's Freaking Awesome!!! (Called Out the Marauder...),1202,2200000,,marauder|jackstand_240,,,,,,,
1021,BpTwD0d4XvI,We Replaced Our Engine's Oil With GASOLINE!! (DO NOT TRY),1312,2300000,,,,,,,,,
1020,ArK5sv0Xi2U,Our SLEEPER Turbo Marauder Hits the Dyno... (Boost Activated Exhaust Cutouts Are AMAZING!!!),940,1000000,,marauder,,,turbo,dyno,,,
1019,YoCX2e06C2k,"Road Tripping a MINT 1985 Mustang 5.0L 1,300 Miles To Florida...",1096,1100000,,,mustang,,,,,,
1018,c4lIePcK5hQ,This is the QUIETIST 800 Horsepower Car EVER!!! First Fire Up of the Marauder's New SLEEPER Setup!,1224,859000,,marauder,,,,first_fire,800,,
1017,0ew3twmXLZk,The Tesla PLAID Made It To The Finals In Spectator Drags... (Freedom Factory),1084,863000,freedom_factory,,ev,,,,,,
1016,TvS6DZYl4h8,I Borrowed This Tesla PLAID and It's INSANE Around the Freedom Factory!!! (1000hp Electric Ripper),647,827000,freedom_factory,ripper,ev,,,,1000,,
1015,ZHom9JkVRtY,Opening Up The Marauder's BLOWN Engine and Replacing It With This!!! Overkill???,837,774000,,marauder,,,supercharged,,,,
1014,RygQxFMspqE,I'm Selling Some of the Fleet... And I Have My Reasons!!!,958,784000,,,,,,,,,
1013,k6rJV5RcAU4,THE BLAZER'S NEW ENGINE!!! Major Upgrades Have Arrived! + Flex Seal Head Gasket Damage Report!!!,863,915000,,blazer,,,,build|failure_or_crash,,,
1012,7UuOut64q1I,The COLDEST Day Of MY LIFE!!! Took My CanAm X3 Turbo RR On an EXTREME Winter Road Trip!!!,773,662000,,,,offroad_utv,turbo,,,,
1011,qBE2Kyg4T5I,Introducing Our NEW Canam X3 Turbo RR... It's FAST AS HAIL!!!,819,773000,,,,offroad_utv,turbo,,,,
1010,j0XmQv6IDVQ,We Used FLEX SEAL As Our Engine's Head Gasket! Then Fired It Up!!!,1089,2100000,,,,,,,,,
1009,VnLbzKZ6ixI,Tried Drifting the C7 and Apparently I CANNOT Handle the Freedoms... (1000hp ProCharged Stingray),1021,872000,,,corvette,,,drift,1000,,
1008,CSALm9nsrPg,The Best Vehicle EVER... First Time Driving a RIPSAW Personal Luxury TANK!!!,968,1000000,,,,,,,,,
1007,4k9LAb_vWc8,Ruby RETURNS To Test Her NEW 98mm Turbo!!! Literally TOO FAST For Her Own Good!,1222,994000,,ruby,,,turbo,,,,
1006,pTNPWzaOTfs,Our Supercharged Mini Jet Boats Could BARELY Make It!!! (EXTREMELY SHALLOW/Gators Everywhere!),675,627000,,jet_car_or_boat,,boat,supercharged,,,,
1005,nWJWZ0eUd_8,Our NEW Engine to Take Leroy Into the Mid-Low 7's... Huge Surgery Incoming!!!,1007,881000,,leroy,,,,drag_pass,,7.0,
1004,kSll_1v3XA4,We Had To Pull Out Mullet's Engine AGAIN... But This Time You'll Like the Reason!!!,774,745000,,mullet,,,,,,,
1003,Y3STStKRb4Y,The C7 Returns!!! Almost Got Us Kicked Out of Our Wedding... (Here's Why It Went Missing!),1045,975000,,,corvette,,,,,,
1002,VENSttNDjyQ,Christmas Tree Drag Race WORLD CHAMPIONSHIP 2021!!! (Mullet Did a HUGE Power Wheelie!!),2664,953000,,mullet,,,,drag_pass|race_vs,,,
1001,NL_RbywkQjo,Mullet's BEST Launches Yet w/the NEW Turbo400!!! + Replacing a Bent Rod...,1107,811000,,mullet,,,,,,,
1000,XvCy1QE3LXg,"Trying to Fix Our 1,500 Horsepower Skid Car I Wrecked!!! Bent Frame/More Damage Than We Thought...",966,795000,,,,,,build|failure_or_crash,1500,,
999,8gUUr4GjspA,Testing Mullet's NEW Turbo400 Lockup Racing Transmission For the First Time! HOLY SMOKES!!!,1589,1000000,,mullet,,,,race_vs,,,
998,1p68oXiAYqM,The Blazer Went For a WILD Ride and Came Down HARD!!! (Frame Damage??),966,901000,,blazer,,,,failure_or_crash,,,
997,CVw-oFNe_9w,First Dyno Pulls With Ruby's 98mm Turbo!!! There's a BIG Problem We Can't Seem To Figure Out...,968,824000,,ruby,,,turbo,dyno|failure_or_crash,,,
996,mkuh-fkdQCg,This is What TOO MUCH Nitrous Looks Like (The Blazer’s NEW Fastest Run),973,970000,,blazer,,,nitrous,,,,
995,NikfxW-zW3U,My SLEEPER Marauder Made a Little Bit Too Much Boost... Giraffe Tuning Strikes Again...,734,717000,,marauder,,,turbo,,,,
994,OrVlzDfttG0,This is What It Looks Like to Ride on a Supercharged Mini Jet Boat For the First Time!!!,1032,721000,,jet_car_or_boat,,boat,supercharged,,,,
993,1sL0cbHJqMU,We Might Have Sent the Blazer TOO HARD... Will It Ever Go 9's Like This? (HUGE WHEELIE),1076,1000000,,blazer,,,,drag_pass,,9.0,
992,OTIy7il5Nbk,FIRST Fire Up With Ruby's New GIGANTIC 98mm Precision Race Turbo... (BOOST LOADING),914,920000,,ruby,,,turbo,first_fire|race_vs,,,
991,bydWyhWhMhw,I Entered a Pro NITRO Rally Cross Event In a Highly Modified Can Am X3 and Broke It Immediately!!!,1467,853000,,,,,,failure_or_crash,,,
990,HHSKl8ocC4Y,We Have a Few Options For TOAST'S Supercharged Big Block... + Ruby Gets a GIANT New Turbo!!!,638,837000,,ruby|toast,,,turbo|supercharged|big_block,,,,
989,mihi32wftFE,Took My Luxurious Hovercraft to the Mall to do Some Christmas Shopping... KICKED OUT Immediately!!!,848,609000,,,,,,,,,
988,Nt7CiZqHzUY,We Played COPS AND ROBBERS in Real Cop Cars!!! (High Speed Pursuits),1210,1600000,,,,,,,,,
987,6atCLTh7C0k,This Box Contains Mullet's Ticket to a SIX SECOND PASS!!! It Was Not Cheap..,727,920000,,mullet,,,,drag_pass,,,
986,9TM-JPJ5s3E,"I Wrecked My 1,500 Horsepower Big Block Camaro In the Burnout Pit (Damage is Pretty Bad)",803,1000000,burnout_event,,camaro,,big_block,failure_or_crash|burnout,1500,,
985,dChTfJVYr1w,We ALMOST Won the 2.4 Hours of LeMullets!!! (Battling Kurt Busch and Vaughn Gittin Jr.),1431,747000,,,,,,,,,
984,Q1hfsH0coaM,"The 2.4 Hours of LeMullets is Officially Here! (Kurt Busch, Diesel Bros, Deegans and More are HERE!)",877,720000,,,,,diesel,,,,
983,xsx7nFaExyc,We MIGHT Have Hurt Our LS Swapped Blazer... But Not Before It Did This!!!,1511,1000000,,blazer,,,ls|engine_swap,build|failure_or_crash,,,
982,zUrKzZ5PkBw,Introducing the GRAND PRIZE For the Winners of the 2.4 Hours of LeMullets!!! (They're Rippers!),938,751000,,,,,,,,,
981,878Uh5gMW90,You Guys Are Going to Love or Hate This... + Testing TOAST Ends With Oil EVERYWHERE...,860,757000,,toast,,,,,,,
980,qToNWn17keY,"$2,500 Boat Challenge FINAL EPISODE - 5 Lap Trailer DEATH RACE... *DANGER TO BOAT*",1134,1000000,,,,boat,,race_vs,,,
979,aK30lBEQZ8E,"$2,500 Boat Challenge Ep.4 - Drag Race and PRECISION Back Up Challenge (Points are TIGHT)",1270,1000000,,,,boat,,drag_pass|race_vs,,,
978,_Xy1NsziNnc,This is What Happens When an Engine Designed For 40psi Gets 61psi of BOOST (Complete CARNAGE),1149,1100000,,,,,turbo,,,,
977,285WJnVk0bg,"We DOUBLED the Nitrous on the Blazer, Custom Cam Shaft and New Intake!!! QUEST FOR NINES!",1168,856000,,blazer,,,nitrous,,,,
976,IPlKEQS6MmQ,World Cup Finals Day 2 & 3 - Mullet BARELY Qualified... Entering Eliminations Blindly!!!,1567,876000,texas_or_events,mullet,,,,,,,
975,OpHTFchWQWc,World Cup Finals Day 1 - Qualifying Reveals a BIG Problem We've Been Fighting... WE GOT THIS!!!,1155,851000,texas_or_events,,,,,failure_or_crash,,,
974,oZARqDX53p4,Leroy's Boost Controller Malfunctioned and Fed Him 60psi of BOOST... Guess What Happened,1113,1000000,,leroy,,,turbo,,,,
973,1-VhZ1qrP2g,Leroy and Mullet Are READY For World Cup Finals!!! Spicy Upgrades You Didn't See Coming!,831,718000,texas_or_events,leroy|mullet,,,,build,,,
972,03X0JIznEfc,"$2,500 Boat Challenge Ep.3 - HIGH SEAS Totaled James Jet Boat and Left George Stranded..IT WAS CRAZY",1603,2300000,,jet_car_or_boat,,boat,,,,,
971,fpJ6Rub_gm4,We're Building the World's Smallest Jet Boat!!! + Mullet's Engine Damage is Worse Than We Thought...,786,961000,,mullet|jet_car_or_boat,,boat,,build|failure_or_crash,,,
970,HdWniqLRL9k,Mullet's NEW Fastest Pass Ever!! First Runs on PURE Methanol Were INSANE!!!,953,869000,,mullet,,,,drag_pass,,,
969,Q68LpxPpBV0,"We Switched Mullet To Run on Straight METHANOL... It Destroyed Our Dyno Record (1,500+ Horsepower)",900,839000,,mullet,,,,dyno|drag_pass|failure_or_crash,1500,,
968,9hfuQXr3uTo,Our LS Swapped Blazer Just Went FASTER Than We Ever Thought Possible!!! (Stock Engine with Nitrous),903,1000000,,blazer,,,nitrous|ls|engine_swap,build,,,
967,46W00TvjrDw,Our LS Swapped Blazer RETURNS... Will This Be Too Much Nitrous?? (Major Upgrades),678,749000,,blazer,,,nitrous|ls|engine_swap,build,,,
966,VENYIU02MsE,The Danger Ranger 9000 Was WAY MORE Dangerous Than I Thought... (My Race POV of the Crashes),1093,1200000,,,,,,race_vs,,,
965,R644tUDLLIk,Hardest Crash I've Ever Had In Donnie... Went Out FIRST ROUND at FF Drift Night!!!,726,738000,,,,,,failure_or_crash|drift,,,
964,BHw9psCfiH8,Mullet Has a New INSANE Launch Strategy!!! But This Pass Ended BADLY...,1317,924000,,mullet,,,,drag_pass,,,
963,pPmMiL0wtG8,"With One Simple Upgrade, Our LS Swapped Blazer Is About To Wheelie to the MOON!!! *BALD EAGLE ALERT*",905,803000,,eagle|blazer,,,ls|engine_swap,drag_pass|build,,,
962,2ZIvi2NiMAw,GATOR SEASON!!! Supercharged Mini Jet Boating an Alligator Infested River With Hailie Deegan!,1035,899000,,jet_car_or_boat,,,supercharged,,,,
961,SNgs3-P2cp4,FL2K21 Day 3: Mullet SMASHES His Best Pass Ever & Leroy Races 6 Second Stick Shift Cars!!!,1293,907000,fl2k,leroy|mullet,,,,drag_pass,,,
960,vGTPfqmqcFI,FL2K21 Day 2: The Blazer EXPLODED... James' Nova Goes Into Surgery... Leroy/Mullet Aren't Having It!,1289,954000,fl2k,leroy|mullet|blazer,,,,,,,
959,tYHdi3eXCrQ,FL2K21 Day 1: Mullet Comes Out BLAZING & The Blazer Does Its Biggest Wheelie Yet!!!,1014,817000,fl2k,mullet|blazer,,,,drag_pass,,,
958,KJ2DaqCiDbI,Our LS Swapped Blazer Hit The Drag Strip and Surprised Us All!!! + Mullet Blows His Transmission...,1608,985000,,mullet|blazer,,,ls|engine_swap,drag_pass|build,,,
957,61m4jKz30sQ,Our LS Swapped Blazer Got Some Upgrades and Now It Freaking RIPS!!! (Nitrous Ripper),966,1000000,,blazer|ripper,,,nitrous|ls|engine_swap,build,,,
956,nB4VEoMWSXs,Our 1500hp Supercharged Big Block Camaro Blows Its Tires For the First Time in the USA!!!!,1597,1000000,,,camaro,,supercharged|big_block,,1500,,
955,KLbsKmcfdX4,Cummins Swapped Galaxie vs. Cummins Swapped Mustang!!! Finally Racing Westen Champlin!,750,1400000,,galaxie,mustang,,diesel|engine_swap,build|race_vs,,,
954,hJi8cIsIwWA,Breaking Down Repeatedly In the Mystery Machine On a Road Trip Across Houston Texas...,1264,1000000,texas_or_events,,,,,,,,
953,nPaXweIAVUA,Random Deer Tries To Help Tune My Car But Attacks Me Instead (Oh Deer),964,1900000,,,,,,,,,
952,_mDN5fdQmuk,"TOAST'S FIRST BURNOUT!! Fixed the Fuel Issue, Supercharged Big Block DESTROYS Tires!!!",771,924000,burnout_event,toast,,,supercharged|big_block,build|burnout,,,
951,WOpCDHRiElw,First Official Test of Toast's HUGE Supercharged Big Block!!! + Mystery Machine Tip Over...,1410,976000,,toast,,,supercharged|big_block,,,,
950,MZ5coQtkuqE,RACE WEEK 2.0 Day 5 - Pushing Leroy For a Seven Second Pass Ended Badly... (Too Many Bald Eagles),1463,1000000,,leroy|eagle,,,,drag_pass|race_vs,,,
949,AMLtqjQPd5A,RACE WEEK 2.0 Day 4 - We Found the Problem With Leroy's Severe Vibration... (One Small Mistake),1615,1000000,,leroy,,,,failure_or_crash|purchase|race_vs,,,
948,dS2Ur_W4_Ms,RACE WEEK 2.0 Day 3 - Ruby Endures Major Damage & Leroy May Be Completely Done.. (This is Brutal!!!),1424,1000000,,leroy|ruby,,,,failure_or_crash|race_vs,,,
947,cCM5esHTK20,RACE WEEK 2.0 Day 2 - Leroy's Bad Luck Falls on Ruby... (Even Worse at the Track),1569,1000000,,leroy|ruby,,,,race_vs,,,
946,hjky05iupFY,RACE WEEK 2.0 Day 1 - Leroy Has One Hail Of a Day... (Lost Half the Engine) Ruby Goes Deep 7's!!,2167,1200000,,leroy|ruby,,,,drag_pass|race_vs,,7.0,
945,mg4ApYarHAs,"We Bought the RAREST, Coolest Truck of ALL TIME... And It Gets Even Better!!!",956,1100000,,,,,,purchase,,,
944,Nncf55RaKm0,Here's Why Our Cummins Swapped 1965 Galaxie Went Missing... (Runs HARD),840,927000,,galaxie,,,diesel|engine_swap,build,,,
943,45Jar0L8jZQ,Absolutely Ripping The Motion Raceworks Turbo Mustang + Ruby and Leroy Prep for RACE WEEK 2.0!!!,882,745000,,leroy|ruby,mustang,,turbo,build|race_vs,,,
942,zhljGVN9Xjw,LS Fest Day 3 2021 - Eliminations Day - Leroy Rips to the FINALS! Nova Wheelies Past Opponents!!!,978,822000,,leroy,,,ls,,,,
941,0cUBVLbcA_4,LS Fest Day 2 2021 - We Accidentally Got Mullet DISQUALIFIED!!! + Leroy's First Full Rip!!,1564,907000,,leroy|mullet,,,ls,failure_or_crash,,,
940,wkFR0cdmCf4,"LS Fest Day 1 2021 - Leroy is FAST AS HAIL!!! James Takes Down a Trash Talker, Elco Struggles!",1278,1000000,,leroy,,,ls,,,,
939,jcWl_aHgA-U,"Trying To Start Leroy's Repaired 2,000hp Engine Hours Before LS Fest!!! Will He Make It???",1025,868000,,leroy,,,ls,,2000,,
938,vxV0FPATrIU,"Leroy's Newly Refreshed 2,000hp Engine Got Dropped in Shipping...",800,923000,,leroy,,,,,2000,,
937,t6QyS7TJ0yc,RUBY LIVES ONCE AGAIN!!! With A Secret Engine Never Intended For Her... *extremely spicy*,1426,1000000,,ruby,,,,,,,
936,LHDO_jxC-7A,"$2,500 Boat Challenge Ep.2 - DRAG RACE DAY + High Speed Maneuver Competition!!!",1761,2200000,,,,boat,,drag_pass|race_vs,,,
935,7_Ef7-t72Us,"Jackstand's $2,500 BIG BLOCK Jet Boat Makes a Miraculous Recovery After Finding BAD Engine Damage!!",855,1100000,,jet_car_or_boat|jackstand_240,,boat,big_block,failure_or_crash,,,
934,lr5NnryRaEU,"$2,500 Boat Challenge Ep.1 - Boat Ramp SMOOTH Operator Challenge (James Boat Catches Fire)",1486,3300000,,,,boat,,,,,
933,Tr8-ofSpyxU,"When Giraffe Tuning Goes Wrong... HEAVY Backfire and Low Oil Pressure, WHOOPS!!!",698,666000,,,,,,,,,
932,t4wPbumPXYo,James VS. George Drift Competition!!!! The Freedom Factory Took a BEATING! (complete chaos),1333,1200000,freedom_factory,,,,,drift|race_vs,,,
931,_8DqM5FVecM,Sold My Mud Truck... New Owner Had Strange Request,887,1000000,,,,offroad_utv,,,,,
930,gs7AG6SzpuA,Trying to Fix the FREAKING Bald Eagle Machine Finally... + Sold One of the Jet Boats :(,962,783000,,eagle|jet_car_or_boat,,boat,,build,,,
929,1_pE5bARomQ,"Mullet's FASTEST PASS YET!!! Officially Took Down Ruby's Record, Fastest Car On The Channel!!!",1371,1000000,,mullet|ruby,,,,drag_pass,,,
928,kUl1RvoCTnA,Our LS Swapped Blazer Had a PATHETIC Death!!! Time For the Upgrades You Asked For!!!,1295,988000,,blazer,,,ls|engine_swap,build,,,
927,ALwnQgEwYh4,We Got a Dyno For the New Shop!!! Revving Donnie to the MOOOOOON For the First Pulls!!!,1240,919000,,,,,,dyno,,,
926,DXs8lwBuwX4,We Turned MULLET the El Camino Up Higher Than Ever Before and He Liked It...,952,901000,,mullet,,,,,,,
925,89IZ6RSYtsU,We Got a PRICELESS Truck as the Prize For the Danger Ranger 9000 Winner!!! (off-road king),1053,1400000,,,,,,,,,
924,OeBmAf5rcyA,"$2,500 Boat Challenge Part 3 - James/Tye Reveal Their INSANE $1,800 Jet Boat... HOW????",1365,1600000,,jet_car_or_boat,,boat,,,,,
923,KpFN4wmj3gs,"$2,500 Boat Challenge Part 2 - George/Zach Reveal Their Race Boat, the ""NIGHTMARE"" (smokes a lot)",951,1000000,,,,boat,,race_vs,,,
922,wzG5obJntEk,Toast is FIXED... and Sounds Absolutely INSANE!!!! (Like a Top Fuel Car),743,870000,,toast,,,,build,,,
921,X3-5De9k4hI,TOAST IS ALIVE! First Fire Up Of His NEW Supercharged Australian Burnout Engine!!!,698,793000,burnout_event,toast,,,supercharged,first_fire|burnout,,,
920,gMzV__SlJwg,Catching Lobster and Jumping Sunken Boats!!! Supercharged Mini Jet Boat Goes to KEY WEST!!!,917,2000000,,jet_car_or_boat,,boat,supercharged,,,,
919,Nao3Q8BbWk0,I Tried To Drive My Supercharged Mini Jet Boat From Tampa Bay to Key West (240 Miles),1512,4100000,,jet_car_or_boat,nissan,boat,supercharged,,,,
918,wOwUZqlfmqI,FULL STUNT MAN MODE ENGAGED!!! This Was Dangerous Yet Amazing! (Gridlife),1241,754000,,,,,,,,,
917,1z-6a-4D92Q,Flying Dave Sparks' INCREDIBLE Twin Turbine BO105 Helicopter!!! (Diesel Brothers),961,1100000,,,,aircraft,diesel,,,,
916,LSTS_3UWNc0,I Bought The CHEAPEST Race Boat on Marketplace To Compete Against James and George! (IT RIPS!!!),1160,2200000,,,,boat,,purchase|race_vs,,,
915,OpXwYft4FZ4,Spectator Drags at the Freedom Factory was INSANE!!! But One Car Didn't Survive...,989,1000000,freedom_factory,,,,,,,,
914,GxUfID1iadQ,My First Jet Boating Incident... (Man Overboard),933,1600000,,jet_car_or_boat,,,,,,,
913,kYwIh4NAroo,We Figured Out Why Our LS Swapped Blazer Was So Freaking Slow... (Even On Nitrous),758,973000,,blazer,,,nitrous|ls|engine_swap,build,,,
912,8XaT8p7Mh0g,The Marauder Once Again Establishes Dominance Over ANY Modern Sports Car... (Can it be beat?),1365,1000000,,marauder,,,,,,,
911,8_a_8pNoyCA,So We Found Another Jet Boat On Marketplace... WELL WORTH IT!!! + Plans for the Race Week Blazer!,1355,3400000,,blazer|jet_car_or_boat,,boat,,purchase|race_vs,,,
910,3qtkhjpi2I8,Launching My Supercharged Mini Jet Boat Off the River Bank... JUMPS LIKE AN EAGLE!!,647,778000,,eagle|jet_car_or_boat,,boat,supercharged,,,,
909,zkhVXMivf0g,First Time POWERING UP the Freedom Factory's INSANE New Lighting System!!! (and how much it cost),1016,840000,freedom_factory,,,,,,,,
908,lQWJ6yHhaKM,I Took My SLEEPER Marauder To the Dragstrip to Race Unsuspecting Muscle Cars!!! (Ruby/Leroy Return),902,1000000,,leroy|ruby|marauder,,,,race_vs,,,
907,AsSWUF1TFd8,I've Got Sad News... WARBIRD is Officially Gone!!! *crying bald eagles*,727,734000,,eagle,,,,,,,
906,iehMmoXcy7k,Testing One Section of the Freedom Factory's NEW Lighting System... Might've Over Done It!!!!,692,734000,freedom_factory,,,,,,,,
905,73E5go31N8I,WELCOME TO THE NEW SHOP!!! (fire me up),1048,1200000,,,,,,,,,
904,NE7BUMoGTvU,Renovating an Abandoned Racetrack Part 12 - Installing 18 MASSIVE New Concrete Light Poles!!!,1024,830000,abandoned,,,,,build,,,
903,6r9TwQi5AEE,Mullet Races the Turbo LS Honda That GAPPED Leroy Years Ago...,1790,1700000,,leroy|mullet,,,turbo|ls,,,,
902,hpREtn4Hm_0,"Took My 2,000hp El Camino to the Wind Tunnel To Prove My Redneck Theories Right or Wrong!!!",1462,1300000,,,,,,,2000,,
901,ZkSnth2irsM,We Modified Our Supercharged Mini Jet Boats and They Freaking FLY!!! (Massive Jet Roost),773,1300000,,jet_car_or_boat,,boat,supercharged,,,,
900,dpDABnJ1raI,Renovating an Abandoned Racetrack Part 11 - Removing 50 Year Old ROTTED/Dangerous Wooden Poles!!,1284,1000000,abandoned,,,,,build,,,
899,O_Yz27iDBIk,We're Moving Out of Our Shop After 3-1/2 Years...,691,959000,,,,,,,,,
898,8LhrsZVXtvM,"RACE WEEK FINAL DAY: Mullet is Back... 3 CLEAN Runs, Finishing in the Sevens Felt SO GOOD!!!",1219,776000,,mullet,,,,race_vs,,,
897,p-UYqmbLwkg,RACE WEEK Day 6: We Got Mullet into a SITUATION lol! (Worst Passes Yet...),1067,678000,,mullet,,,,drag_pass|race_vs,,,
896,Lg6XKg89k0M,"RACE WEEK Day 5: Driving My 2,000 Horsepower Racecar 540 Miles Through SKETCHY Mountain Roads!!!",995,705000,,,,,,race_vs,2000,,
895,RNrny55Xulw,RACE WEEK Day 4: Mullet's First Ever RACE WEEK Seven Second Pass!!! Blazer Gets Tons of Nitrous!,1556,981000,,mullet|blazer,,,nitrous,drag_pass|race_vs,,,
894,pJ28nqWjU-Y,RACE WEEK Day 3: The CURSE Of 8.0's... Finally Figuring Out How to Tune Mullet!!!,1348,846000,,mullet,,,,drag_pass|race_vs,,8.0,
893,D9hmFIHjeEk,RACE WEEK Day 2: James and George Forced To Buy a NEW Racecar After Ruby Broke Down.. (it's PERFECT),1131,1000000,,ruby,,,,failure_or_crash|purchase|race_vs,,,
892,0zBNPdalsWM,RACE WEEK Day 1: Ruby -VS- Mullet Drag Race Ends BADLY... (we could've stopped it),1223,923000,,mullet|ruby,,,,drag_pass|race_vs,,,
891,CWr646DZHmc,The King of Drift Corvettes Came to the Freedom Factory... So We Went FULL FREEDOM MODE!!!,1257,820000,freedom_factory,,corvette,,,drift,,,
890,tKCMs2kEWzU,We Bought a CHEAP Mini Jet Boat Online and It Freaking RIPS!!! (First Water Test),710,1000000,,jet_car_or_boat,,boat,,purchase,,,
889,DFxKIWmnFjc,We Got a Luxurious POOL For the Freedom Factory!!! But Vaughn Gittin Jr. Immediately Destroyed It...,891,1100000,freedom_factory,,,,,failure_or_crash,,,
888,7_8px9WskrM,I Crashed Donnie on Drift Night Into a Giant Tire lol... Also Took Out the Irrigation!!! (FRICK),1092,804000,,,,,,failure_or_crash|drift,,,
887,c1ok_zFpL2E,Donnie the Drift Car's NEW Solid Roller 7.0L Engine Absolutely SHREDS... (Revs TO THE MOON),760,789000,,,,,,drift,,,
886,0q6cx_4JUXw,Midwest Drag Week FINAL DAY - Can MULLET Hang Onto 1st Place?? His Fastest MPH Yet! (medium boost),917,970000,texas_or_events,mullet,,,turbo,drag_pass,,,
885,vJhmMTMro7s,Midwest Drag Week Day 3 - Mullet Was NOT Happy... Track Couldn't Hold the FREEDOM! (+300 mile drive),1576,1000000,texas_or_events,mullet,,,,drag_pass,,,
884,UjnGk9-VhHU,Midwest Drag Week Day 2 - Mullet Swallows GALLONS of Rain + John Force Gets Burnt By My Turbo lol,1135,1100000,texas_or_events,mullet,,,turbo,drag_pass,,,
883,cXalIKJTmn0,"Midwest Drag Week Day 1 - MULLET Has a FLYING Start, But Breaks Down Immediately...",1678,1200000,texas_or_events,mullet,,,,drag_pass,,,
882,DmtvBzuv_Fw,We Just Made the BIGGEST Move Of Our Automotive Career...,1953,1500000,,,,,,,,,
881,rXQ0Bui3LuI,"Mullet Is Officially Complete... Hood On, Carbon Bed, Trailer Hooked, Ready For Midwest DRAG WEEK!!",1126,931000,texas_or_events,mullet,,,,drag_pass,,,
880,erXZfl2l8d0,A BAD Situation Turns Worse... Stranded in Tennessee River Rapids With a Broken Jet Boat!!!,817,1100000,,jet_car_or_boat,,boat,,,,,
879,BoZnzQiqXSc,We Took Our Supercharged Jet Boats to Tennessee!! I Freaking Hit the Biggest Boulder in the River...,1310,3800000,,jet_car_or_boat,,boat,supercharged,,,,
878,QmHYrUccb1I,We Wrapped Our Supercharged Mini Jet Boats and They Look AMAZING!!! (many freedoms),655,830000,,jet_car_or_boat,,boat,supercharged,,,,
877,MIdeBTgAnoI,"Just Dropped $250,000 On the ULTIMATE Stadium Lighting For the Freedom Factory!!! (had to test em)",625,652000,freedom_factory,,,,,,,,
876,w-6LotGjoZ4,UNREAL... Mullet The El Camino is STUPID FAST!!! (and sounds so good),974,1100000,,mullet,,,,,,,
875,KWpQZ5o8ouw,Test Driving MULLET On a 3 Hour Roadtrip to the Track... Of Course We Broke Down!!!,1046,943000,,mullet,,,,failure_or_crash,,,
874,1_glcNiX2t8,DANG... I Broke the HUMVEE Really Bad and Didn't Even Know It!!! (+Jet Boat BIG River Prep),761,779000,,jet_car_or_boat,,boat,,build|failure_or_crash,,,
873,3G216lW3mXc,"Driving Underwater EP.5 - The HUMVEE Crosses Its First Pond!!! BUT, We Must Go DEEPER!",1143,1400000,,,,,,,,,
872,pu_OS1Z2jWc,Teaching Madi How To Drift REALLY Tested Our Relationship lol... But Now She RIPS!!!,929,798000,,,,,,drift,,,
871,pnOHhuXVI78,This Is The Safest Thing I've Ever Owned (Jet Powered),615,960000,,jet_car_or_boat,,,,,,,
870,jqhqUvi8v6g,Driving Underwater EP.4 - The HUMVEE Goes 12 Feet DEEP!!! (It Almost Worked),1123,1300000,,,,,,,,,
869,3b-x72n-y84,Drifting the Entire FREEDOM FACTORY In One Run... Rocket the Drift Car Durability Testing lol,971,826000,freedom_factory,,,,,drift,,,
868,b0isjxxsxm0,Mullet The El Camino FINALLY Has His First Dyno Day!!! 7.0L Twin Turbo LS FREEDOM MODE!!!,1448,1100000,,mullet,,,turbo|ls,dyno,,,
867,VH-gJzsL1Hg,Preparing the HUMVEE To Drive Completely Underwater!!! (24' Snorkels),875,750000,,,,,,,,,
866,sZl0Diy2kIA,Taking Our Supercharged Mini Jet Boats Up the SHALLOWEST River Possible... NAILED a Boulder!!!,1399,2500000,,jet_car_or_boat,,boat,supercharged,,,,
865,yGup5LBb0Ho,MY FIRST EVER 6 SECOND PASS... No Parachutes at 224mph,1448,1500000,,,,,,drag_pass,,,224
864,skBf_Setoq0,"Tom Bailey Let Me Drive His 3,500 Horsepower Camaro!!! (The Car That Started My Career...INSANE!)",1132,936000,,,camaro,,,,3500,,
863,9VceBSWLRqM,"These Guys Swapped a 1,000hp HELLEPHANT Mopar Engine Into a Jeep... IT'S FREAKING FAST!!!",678,1500000,,,,,engine_swap,build,1000,,
862,EkR5SCaLGUw,Testing Our HUMVEE To NEW Depths!!! Is It Ready To Drive Completely Underwater???,959,3100000,,,,,,,,,
861,BGwQKJ2x0QI,Unboxing Donnie The Drift Car's New MOON REVVING Solid Roller Texas Speed Engine!! (very spicy),910,777000,texas_or_events,,,,,drift,,,
860,OMlGl_RQ2QA,My Humvee Is Defective... (Sank It 3 Times in One Day),1212,2300000,,,,,,,,,
859,EkH85rYaVJQ,BEST BOATS EVER!!! Taking Our Supercharged Mini Jet Boats On SUPER Shallow River Trails!,1234,2700000,,jet_car_or_boat,,boat,supercharged,,,,
858,wQtl40suUYE,FIRST WATER TEST In Our ROTAX Supercharged Hand Built Mini Jet Boats!!! (They Actually Work),1213,1300000,,jet_car_or_boat,,boat,supercharged,build,,,
857,LIlCbAAlEc4,We Bought a Retired HUMVEE and It's Impossible NOT To Love It... #HUMFREE,912,842000,,,,,,purchase,,,
856,rz9Qk-DheUc,Florida Man Fires Up His 300 Horsepower Mini Jet Boat For the FIRST TIME!!! (Pike is a Ripper),1185,927000,,ripper|jet_car_or_boat,,boat,,,300,,
855,xyt-XExEJT4,Our First Hovercraft Accident... Followed By Another Sinking... IT WAS CRAZY!!! (ft. Finnegan),1276,1300000,,,,,,,,,
854,5Rum2GeGFR4,Surprising Mike Finnegan With a High Speed 1980’s Racing Hovercraft!!!,998,656000,,,,,,race_vs,,,
853,Dp33kr6RT-w,The NASTIEST American Burnout Tip In Ever Recorded... (Also Catches on Fire),1725,1100000,burnout_event,,,,,burnout,,,
852,Ph66PIGGiGo,Ruby Takes On KSR's 94mm Turbo Camaro!!! + War Bird DESTROYS Our Indy Burnout Pad!!!,1226,870000,burnout_event,ruby,camaro,,turbo,burnout,,,
851,VomhQ9-klVk,LS Fest Vegas Day 3 - NOW LEROY!?!? And It's a Whole NEW Problem... (Month of Freedom Begins),822,837000,,leroy,,,ls,failure_or_crash,,,
850,le1DDcSclZo,LS Fest Vegas Day 2 - ALL NIGHT Engine Swap in James' Nova Did NOT End Well... (sad eagles),981,836000,,eagle,,,ls|engine_swap,build,,,
849,Ix9-khmijFg,LS Fest Vegas Day 1 - James' Engine Legit TORCHED Itself & Leroy Makes His First Pass w/NEW Turbos!!,1272,1000000,,leroy,,,turbo|ls,drag_pass,,,
848,bChnKSoOG4I,My Best Burnout EVER Ended With a Huge Methanol Fire... *WAR BIRD Extra Spicy Edition*,953,789000,burnout_event,,,,,burnout,,,
847,xPRVIuFglIk,How Much Horsepower Can Demo Ranch's 427 LS Swapped EL CHROMINO Make?? (Hub Dyno!),827,836000,,,,,ls|engine_swap,dyno|build,,,
846,k64SE7sJL_A,Dyno'ing Rocket's BRAND NEW Engine Did NOT Go To Plan... *Oil Blasting From Dip Stick Tube*,1132,801000,,,,,,dyno,,,
845,5u1FOamuN8k,Dyno'ing Leroy With His NEW Bigger Turbos! He's Making HUGE Numbers With Ease!!!,663,928000,,leroy,,,turbo,dyno,,,
844,4mtq_oW9MZk,"We Engine Swapped My Hovercraft and It's RIDICULOUSLY Awesome!!! ""Can Blow Over at 60mph""",1563,1200000,,,,,engine_swap,build,,,60
843,37cMDbLZAW4,"We Hooked a GIGANTIC Weather Balloon To Our 1,500 Horsepower Boosted Nova!!!",890,827000,,,,,,,1500,,
842,lgb2Y_pbUDM,Firing Leroy Up With His NEW 76mm Precision Turbskies!!! Found Deeper Engine Issues...,1014,977000,,leroy,,,,purchase,,,
841,ftA_KdPjRTI,HOLD YOUR FREEDOM... Leroy's New Turbos Have Arrived!!! These Things are SPICY!,1074,937000,,leroy,,,turbo,,,,
840,S95vnr38nro,"MULLET IS ALIVE!!! First Drive in Our 2,000 Horsepower Twin Turbo El Camino!!",742,1300000,,mullet,,,turbo,first_fire,2000,,
839,SVt0Obtc-OI,"TOAST'S 1,700hp Supercharged Big Block is ALMOST Ready to Fire! + Leroy Preps For His New Turbskies!",815,829000,,leroy|toast,,,supercharged|big_block,,1700,,
838,Wl3iEFmSzSI,"Leroy is FINALLY Getting Bigger Turbos!!! But His Engine is Smoking BADLY, Even Without Turbos...",876,1000000,,leroy,,,turbo,,,,
837,oXsfpP0D2I4,Ruby Tried To WRECK Travis Pastrana... He Still Went Insanely Fast lol!!!,638,1000000,,ruby,,,,failure_or_crash,,,
836,t62qQ0bNVqE,How We Arranged an A-29 Super Tucano Flyover at the Freedom 500!!! (FREEDOM 500 Vlog),1306,712000,,,,,,,,,
835,MJNUnUmWDPw,I Asked Madi to Marry Me...,621,1600000,,,,,,,,,
834,BYzQNc0kJvU,Travis Pastrana Made It to the FREEDOM FACTORY!!! He Can Literally Drive Anything...,819,940000,freedom_factory,,,,,,,,
833,kFNBuN1zW9I,DON'T DO BURNOUTS IN REVERSE lol! Extreme Damage to Neighbor...  + Freedom Factory Major Updates!!!,888,771000,freedom_factory|neighbor,,,,,failure_or_crash|burnout,,,
832,LH1wC9FRFZk,Bombing Through the Night to Florida & Picking Up My Dad's Hellcat RAM 1500 TRX!!!,658,944000,,,mopar,,,,,,
831,tm7D3rCFjrs,"1,700hp WAR BIRD Freaking STUNS Our Crowd in Texas!!! + Brent Almost Rolls the Mystery Machine...",1413,1300000,texas_or_events,,,,,,1700,,
830,o21sPOf9YSI,Ruby and Leroy's FIRST EVER Side By Side SEVEN SECOND PASS!!! (emotional bald eagles),1310,1100000,,leroy|ruby|eagle,,,,drag_pass,,,
829,5QnUgDM3CO0,We Made it to Texas!!! Unreasonably Making Sure All of Our Cars Still Do Burnouts...,1241,991000,texas_or_events,,,,,burnout,,,
828,Xj7yo4_9hQs,"Our 2,000 Horsepower El Camino ""Mullet"" Is Nearing Competition and it's AMAZING!!!",985,1000000,,mullet,,,,,2000,,
827,JF-eJRy1-FI,"We Hired a Car Hauler and His Truck Was Cooler Than Our 1,500hp Burnout Cars... (INSANE Peterbilt)",1348,1500000,burnout_event,,,,,burnout,1500,,
826,6AjoZvUvhLY,We're Letting ONE Odd Ball Car Into the Freedom 500!!!! I May Have Made a Mistake... (FWD),1024,934000,,,,,,,,,
825,YxKzBurk03w,TX2K21 Day 4 - Leroy Carries The Team in TX2K Eliminations... Runs a FOUR SECOND 1/8th MILE!!!!,1530,1300000,,leroy,,,,,,,
824,vLioo8tiQmI,TX2K21 Day 3 - Mistakes Were Made... Ruby SLAMS Down From a HUGE Power Wheelie!,1267,1500000,,ruby,,,,drag_pass,,,
823,j61bWiLIgVA,"TX2K21 Day 2 - Leroy Leads Stick Shift Qualifying, Ruby Breaks Immediately, James Invents Stuff!",731,1000000,,leroy|ruby,,,,,,,
822,uiS0_qs46f0,TX2K21 Day 1 - James' Nova Makes Its First Pass In SEVEN Years... It Did NOT Disappoint!!!,1103,1300000,,,,,,drag_pass,,,
821,4BUFWjTiypk,"Freedom Force One's FIRST BIG TRIP!!! Almost Ran Out of Fuel, Giant Storm, Many Freedoms!",1052,1600000,,,,,,,,,
820,acNgTwzTJGI,"Loading Our New Stacker Was Terrifying... Leroy, Ruby & Two Slow Novas Head to TEXAS!!!",1347,1500000,texas_or_events,leroy|ruby,,,,,,,
819,sc_5S95nKec,Outfitting Stanley the Stacker With The Absolute Necessities... Texas Bound in Two Days!!!,777,809000,texas_or_events,,,,,,,,
818,_D_2KdFCk48,Ruby is FINALLY Getting the Race Parts She Deserves!!! TX2K/Cleetus and Cars Ready!,874,1000000,cleetus_and_cars,ruby,,,,race_vs,,,
817,bUzKAEf2lP4,"Could've Bought a Supercar, But Our New Trailer Is Way Cooler...",1702,3300000,,,,,,purchase,,,
816,y-BPD9VrwAY,Our First Freedom Factory Drift Night was a HUGE SUCCESS!!! + Blew Up Rocket Again...,1025,1200000,freedom_factory,,,,,failure_or_crash|drift,,,
815,0eEnGSMJm_o,We BLEW UP The Engines in TWO Cars Right Before FF Drift Night... (High Speed Engine Swap Engaged),771,874000,,,,,engine_swap,build|failure_or_crash|drift,,,
814,2fnATiW0s60,Prepping the Freedom Factory For Our First DRIFT NIGHT + Donnie Gets a Major Face Lift!!!,822,703000,freedom_factory,,,,,drift,,,
813,XpzWxyy_8Bs,We've Organized The ULTIMATE Pro Driver/Drifter/Youtuber Race! The 2021 Freedom 500 Will Be INSANE!,641,670000,,,,,,race_vs,,,
812,gTAXatQLmto,Renovating an Abandoned Racetrack Part 10 - Completely Overhauling the Freedom Factory's Lighting...,1286,1000000,freedom_factory|abandoned,,,,,build,,,
811,5p3MHroE4-0,The Dale Truck Just CRUSHED Its Fastest Pass Ever!!! (all the nitrous),1052,857000,nascar_oval,,,,nitrous,drag_pass,,,
810,t3EpHyOXC8Y,James' GIANT Turbo Nova Takes a Breath of Life!!! Sounds Freaking AWESOME!,927,875000,,,,,turbo,,,,
809,7ZV6l9X_HwQ,"Took My Sleeper Marauder To the Dragstrip!! Clearly Needs More ""Stock"" Upgrades...",1036,1000000,,marauder,,,,build,,,
808,7t2dJ2Nynss,Leroy and I Called Out James and Ruby and It Ended BADLY... (too many Freedoms),1172,958000,,leroy|ruby,,,,,,,
807,OvwOtQ5xBuE,Took the Mud Truck Out To an INSANE Mud Hole!! Freedom Force 1 Gets Stuck Immediately...,880,980000,,,,offroad_utv,,,,,
806,xbfDiUhiOHY,"We Got a TOP FUEL Dragster Hat For Our Supercharged Camaro Because AMERICA!!! (can flow 11,000hp)",1249,989000,,,camaro,,supercharged,,11000,,
805,LTianJS-Mlg,Leroy Crushes His Fastest Pass Ever AGAIN!!! Then This Happened...,801,1000000,,leroy,,,,drag_pass,,,
804,hVsXlCycTOc,Renovating an Abandoned Racetrack Part 9 - Our FULL ALUMINUM Bleacher Overhaul is COMPLETE!!!,1200,915000,abandoned,,,,,build,,,
803,lGXeXC1lFrs,Our New Motorhome Might Be the Coolest Thing We Own...,1448,3000000,,,,,,,,,
802,2Q1c-7AZKT0,LEROY RETURNS... and Beats His Fastest Pass EVER!! (New Strategy),1226,1800000,,leroy,,,,drag_pass,,,
801,zyB7tfW8ul4,"WE OPENED THE FREEDOM FACTORY!!! Sold Out Immediately, Amazing Turnout! (first show)",1383,1300000,freedom_factory,,,,,,,,
800,_RE9ykGC2lw,Renovating an Abandoned Racetrack Part 8 - HOT ASPHALT ALERT!!! Finishing the FF's Track Repairs!,824,1000000,abandoned,,,,,build,,,
799,u09-V6UYIgg,Diesel Brothers Learn About Spark Plugs and Drive the Fastest Vehicle They've Ever Driven!!!,1298,2000000,,,,,diesel,,,,
798,aU-vyVjM_Xs,Florida Man Changes Plans of Putting Turbos Under Hood... 6 Sec Elco Progress! (because America),1041,907000,,,,,turbo,,,,
797,4Bugja6Oy9E,ULTIMATE SLEEPER Mercury Marauder Terrifies Unsuspecting Passengers...,746,1300000,,marauder,,,,,,,
796,hVkB45S6P9Y,LS Swapping Demo Ranch's EL CHROMINO Part 3: SHE FREAKIN RIPS!!! Hit Building & Blew Tires!,723,908000,,,,,ls,build|failure_or_crash,,,
795,moH0Nm77Ipk,LS Swapping Demo Ranch's EL CHROMINO Part 2: First Fire Up... The Bald Eagles Sound PERFECT!!!,1523,987000,,eagle,,,ls,first_fire,,,
794,9gSd_Kgavsk,LS Swapping Demo Ranch's EL CHROMINO Part 1: Surprising Matt With a Texas Speed Stroker Engine!!!,1105,904000,texas_or_events,,,,ls,,,,
793,qmnCfQuA0Cw,What Happened To the Mystery Machine??? Our 600hp Turbo Rotary Burnout Van Returns!!!,639,870000,burnout_event,,,,turbo,burnout,600,,
792,X7scpG-CLj4,Mini Jet Boat Build Part 4: Fully Installing the Supercharged ROTAX Engines!! (Major Progress),952,1200000,,jet_car_or_boat,,boat,supercharged,build,,,
791,l-Cgo9A_dpw,I Bought a GIGANTIC Mud Truck and It FREAKING RIPS!!!,1010,1400000,,,,offroad_utv,,purchase,,,
790,QtZtBg1tVZI,"Renovating an Abandoned Racetrack Part 7 - The Freedom Factory Gets a $40,000 Stadium Speaker System",1009,910000,freedom_factory|abandoned,,,,,build,,,
789,22iB7tXulC0,"Toast's NEW 1,500hp Supercharged Big Block is WAY TOO BIG!!! (Chopping the Front End Off)",931,954000,,toast,,,supercharged|big_block,,1500,,
788,tnqJiZW_EZo,Mini Jet Boat Build Part 3: Destroying BRAND NEW Jet Skis For Their Supercharged ROTAX Hearts!,1367,1200000,,jet_car_or_boat,,boat,supercharged,build,,,
787,F1leIS9LcHk,Renovating an Abandoned Racetrack Part 6 - Finishing Milling the Freedom Factory's HUGE Pot Holes!,1229,988000,freedom_factory|abandoned,,,,,build,,,
786,QHDAecxBbus,"We Bought an INSANE Big Block Blower Engine From Australia!!! Toast Is Getting 1,500+ Horsepower!",957,1100000,,toast,,,supercharged|big_block,purchase,1500,,
785,9oUvGnDZRKo,"The Wheelie that TOTALED James' 240... (Bent Frame, Firewall & Freedom)",1078,1100000,,,nissan,,,drag_pass,,,
784,pycPGJ5KhUs,Renovating an Abandoned Racetrack Part 5 - The BIG MILL Rips Into the Freedom Factory's Bank Turns!,1496,1100000,freedom_factory|abandoned,,,,,build,,,
783,KbVf4-BHRRc,Renovating an Abandoned Racetrack Part 4 - Florida Sinkhole ATTACKS the Freedom Factory...,856,1000000,freedom_factory|abandoned,,,,,build,,,
782,eP-wnq2at6U,"Stole My Crew Chief's Truck, Then Gave Him the ULTIMATE SURPRISE!!!!",997,2000000,,,,,,,,,
781,dz5BDkGKbAg,Christmas Tree Drag Race WORLD CHAMPIONSHIP!!! (200+mph Passes With Trees on Racecars!!) *full race*,2817,2600000,,,,,,drag_pass|race_vs,,,
780,RdEEKVjCOvY,Renovating an Abandoned Racetrack Part 3 - Demo & Remodeling the Freedom Factory's Bars and Kitchen!,1045,881000,freedom_factory|abandoned,,,,,build,,,
779,Tpj-fm_5MGc,"Kidnapped My Friends, Then Surprised Them With Their NEW BURNOUT CARS!!! (epic rips followed)",1093,1100000,burnout_event,,,,,burnout,,,
778,Tf9kctz_BGg,Testing James' NEW Drift Car... GAWD DANG She's a Ripper!!! (+ New Jump Testing),989,807000,,ripper,,,,drift,,,
777,z_r4Gs9zO8A,Giraffe Purchases a Sports Car,946,666000,,,,,,,,,
776,cILFefqoIZc,Stuck a Breast Implant in My Turbo at Full Boost...,718,1600000,,,,,turbo,,,,
775,dAN2Vkgt4nM,Driving the FASTEST Polaris RZR on the PLANET!!! (2JZ Supra Engine Swap),1348,2100000,,,supra,offroad_utv,engine_swap,build,,,
774,LCacDk_5pkM,Launching My Can-Am X3 Turbo RR Off the Largest Sand Dune Jump We Could Find... (didn't die),979,863000,,,,offroad_utv,turbo,,,,
773,lib8QRK9UmE,"Florida Man Gets Stranded, Breaks Racecar, Proceeds To Light Other Racecar on Fire...",717,741000,,,,,,,,,
772,ubvfgdEor20,The CRAZIEST Race of My Life!!! 7.1 Second Twin Turbo Mustang vs. Ruby!!,1739,1300000,,ruby,mustang,,turbo,race_vs,,,
771,0_WyqP-75UI,7.5 Second Twin Turbo Nova CALLS OUT Ruby!!! (Loser Sprints 5 Laps at the Freedom Factory),1213,1000000,freedom_factory,ruby,,,turbo,,,,
770,9bEe8_Anm_w,"Ruby is FIXED, Dale Truck is FIXED, Leroy RETURNS, and James' NEW Drift Car Fires Up!!!",1191,767000,nascar_oval,leroy|ruby,,,,build|drift,,,
769,RSPEn74cf-Y,The 2.4 Hours of LeMullets FULL RACE (Best Finish EVER!!!),13305,4700000,,,,,,race_vs,,,
768,K16Qf-yMayg,"Our FIRST DRIVE In the 1,700 Horsepower Supercharged Big Block KILLA-B!! (melts tires instantly)",878,1400000,,,,,supercharged|big_block,,1700,,
767,NV9OA8HWMjg,Ruby Does Three POWER WHEELIES in a Row!!! How Do We Fix This?? (still went super fast),842,775000,,ruby,,,,build,,,
766,rxWFmRit-zk,"First Drive in the C7 With 1,039 Horsepower!!! GOODNESS BROTHER, She's a Ripper!!!",836,988000,,ripper,corvette,,,,1039,,
765,qxZ1uR6VXdo,"The Bald Eagle Machine FINALLY Makes Its First 1,000+hp RIPS!!! (SOUNDS AMAZING!)",1146,777000,,eagle,,,,,1000,,
764,eZ-Hv6VgKXY,My First Public SKID In War Bird!!! Literally a Terrifying Experience!! (so much freedom),1648,933000,,,,,,,,,
763,PlzgPNkrB6U,Recovering the Flipped Over Mega Truck From My 20 Foot Deep Pond!!!,716,1000000,,,,,,,,,
762,HddOb9G8c2o,"WAR BIRD'S First American Burnout!!! 1,700 Australian Eagles DESTROY The Freedom Factory Skid Pad!!!",828,1300000,freedom_factory|burnout_event,eagle,,,,burnout,,,
761,wZ8UgoG36SQ,"Our First Time Driving WAR BIRD!!! This Thing is INSANE!! (1,700hp Australian Burnout Car)",878,2000000,burnout_event,,,,,burnout,1700,,
760,j8eZ_PjgDBM,The Freedom Factory Has a MAJOR Track Problem... (LeMullets Damage Report),908,1100000,freedom_factory,,,,,failure_or_crash,,,
759,S8w8Hzmy6QY,1 Year Since I Met the Freedom Factory + Demo Ranch & Other Tubers Arrive!!!,621,740000,freedom_factory,,,,,,,,
758,A0QQByAR2mg,How Much $$ Does a RACE READY Crown Vic Cost the Freedom Factory???,635,695000,freedom_factory,crown_vic,,,,race_vs,,,
757,VRzZgVMgBVo,A Hurricane Hit the Freedom Factory Today...,777,826000,freedom_factory,,,,,,,,
756,GsoZ-WvdkBQ,The GRAND PRIZE For the 2.4 Hours of LeMullets Winners!!! (Best Buying Experience EVER),908,744000,,,,,,purchase,,,
755,z1KubpdGsoU,We Successfully Hired a Legendary NASCAR Announcer For the 2.4 Hours of LeMullets!!!!!,667,619000,nascar_oval,,,,,,,,
754,j9_3trJYPi8,The Bald Eagle Machine Gets a RACE BLOWER!!! (Firing Up Her NEW 7.0L LTX/ProCharger Setup),747,706000,,eagle,,,supercharged,race_vs,,,
753,PlxIj35mMh0,Renovating an Abandoned Racetrack Part 2 - Freedom Factory Timing System is SCREWED!!!,1400,1000000,freedom_factory|abandoned,,,,,build,,,
752,BXCxOfflVoQ,Driving One of the RAREST/Most Valuable Drift Cars EVER MADE!!! 1969 RTR-X Mustang... INSANE!!!,1316,961000,,,mustang,,,drift,,,
751,HfXbKn5foQc,Tried To Drift a Formula 1 Track... It Was Terrifyingly FAST!!! (Freedom Take the Wheel),995,797000,,,,,,drift,,,
750,33uaw7DM964,"Driving Ruby to the Track, Crushing Her 1/4 Mile Record, and Driving Home! *STREET CAR CONFIRMED*",609,745000,,ruby,,,,drag_pass,,,
749,08K6iR71tTU,ROCKET RETURNS! My Drift Car I Wrecked is BETTER THAN EVER... (Fixed Enough??),1407,813000,,,,,,build|failure_or_crash|drift,,,
748,TVkx_Rqxigg,"Two 1,700hp PRO Australian Burnout Cars Lost In America... and They're Staying With Us!!!",1154,1100000,burnout_event,,,,,burnout,1700,,
747,M--zto3zrNc,Here's Why the Bald Eagle Machine has Been MISSING... She Back Tho! *EAGLE SCREECH*,676,768000,,eagle,,,,,,,
746,CMtAFwf-bqI,James vs. Cleetus GRUDGE RACE! Ruby Was On BIG BOOST! Was It Enough???,1249,911000,,ruby,,,turbo,race_vs,,,
745,dJ6Fccet7zM,Mini Jet Boat Build Part 2: Expert Welders/Florida Men Complete Hand Built Mini Jet Boats!,1271,1100000,,jet_car_or_boat,,boat,,build,,,
744,nqBrGKvRDFQ,"The El Camino's 2,000+ Horsepower Texas Speed Bald Eagle Nest Has Arrived...",1008,990000,texas_or_events,eagle,,,,,2000,,
743,BzSLz00JyPc,FREEDOM TUNE: ACTIVATED - Ruby's First Power Wheelie Ends With a MESS!!!,937,1100000,,ruby,,,,drag_pass,,,
742,l6GeNNZmWuw,Mini Jet Boat Build Part 1: Florida Men Hand Build Supercharged Aluminum Jet Boats!!!,1345,1100000,,jet_car_or_boat,,boat,supercharged,build,,,
741,eTyKWcT8Zbc,Racing Cooper In FL2K Eliminations!!! Ruby and the 240 Make Some RIPPIN Passes!!,632,778000,fl2k,ruby,nissan,,,drag_pass|race_vs,,,
740,RmGC0dJhKcs,"Ruby, Leroy, and James' 240 Faced MAJOR Problems In FL2K Qualifying... (Too Much Freedom??)",959,959000,fl2k,leroy|ruby,nissan,,,failure_or_crash,,,
739,dOjDCuSFso8,RUBY'S FIRST SEVEN SECOND PASS!!!! The Fastest Pass OF MY LIFE!!! **MAXIMUM FREEDOM**,1117,1200000,,ruby,,,,drag_pass,,,
738,gMC-HJ2Rj00,We Entered Ruby Into a ROLL RACE Competition To Test Her NEW Turbo System... HOLY FREEDOM!!!,774,855000,,ruby,,,turbo,race_vs,,,
737,OM_7UvBoxVg,SHE'S ALIVE!!! The NASTIEST Turbo Kit McFarland Fab Has EVER Made... Ruby Sounds Insane!,1096,899000,,ruby,,,turbo,first_fire,,,
736,N3175E1bECw,Freedom Giraffe Nearly Causes a BAD Three Car Pile Up... (Couldn't Handle the Pressure lol),787,545000,,,,,,,,,
735,qAE2Unl5sVI,Drifting Around the WORLD'S LARGEST MONSTER TRUCK!!! (Coolest Day EVER w/Vaughn Gittin Jr.),591,627000,,,,,,drift,,,
734,a9G5wfZI0H0,Fixing MAJOR Freedom Factory Problems and Finding More in the Process!!! (That's Life!),1244,1300000,freedom_factory,,,,,build|failure_or_crash,,,
733,N-R8eOnLJNM,I Crashed My New Drift Car On THE FIRST DRIVE... (I SUCK),608,895000,,,,,,failure_or_crash|drift,,,
732,Bt3hsPaZtYA,NITROUS NASCAR Truck FREEDOMS So Hard Its Opponent Literally ****'s Itself... (RIP Miata),1334,846000,nascar_oval,,toyota_other,,nitrous,failure_or_crash,,,
731,tkJJQSm9cAA,"Ruby's FINAL Turbo Rendition.... 1,500+ Horsepower Setup!!! This HAS To Work! (extra freedoms)",959,876000,,ruby,,,turbo,,1500,,
730,Y3SwbdK2z7I,We Damaged the Dale Truck WAY Worse Than We Thought... Upgrading EVERYTHING!!! (Can it Run 8's?),866,778000,nascar_oval,,,,,drag_pass,,8.0,
729,jWMPWkoTbPQ,I Bought the CHEAPEST Pro Drift Car In the Country!!! (what a ripper),782,927000,,ripper,,,,purchase|drift,,,
728,_0RSySMdqqY,"RACE WEEK 2.0, Day 5: The Absolute Hardest Day of Leroy and I's Racing Career... (WHAT A FINISH)",1535,1300000,,leroy,,,,race_vs,,,
727,TLhRPBGhj74,"RACE WEEK 2.0, Day 4: Bad News For Leroy... + Ruby Can't SLOW DOWN!! (Too Much Freedom?)",1218,858000,,leroy|ruby,,,,race_vs,,,
726,dTlU1AiZUw4,"RACE WEEK 2.0, Day 3: Dale Truck DOWN!!! Leroy Goes For SEVENS & Ruby Pulls It Together!!!",1460,916000,nascar_oval,leroy|ruby,,,,race_vs,,,
725,OteOV12fgIU,"RACE WEEK 2.0, Day 2: Leroy Had an Incident... MISTAKES Were Made + Ruby's Comeback Begins!!",1287,1200000,,leroy|ruby,,,,race_vs,,,
724,2TYBs8MvRtM,"RACE WEEK 2.0, Day 1: Leroy Lines Up w/Blasphemi, Dale Truck NAILS IT, Ruby Has Big PROBLEMS!!",1733,1200000,nascar_oval,leroy|ruby,,,,failure_or_crash|race_vs,,,
723,U_oNxUn-YVc,Donnie and I Line Up With Pro Drivers During Eliminations!!! This is CRAZY! (Qualified 6th Place!),859,548000,,,,,,,,,
722,82wvWe0ns_o,"I Joined My First Ever Drift Competition and It Was Terrifying... (Day 1, Competition Practice)",911,620000,,,,,,drift,,,
721,KyhMqX3uZbc,"Prepping Ruby, Leroy AND the Dale Truck For a 1,500 Mile Road Trip/Race Week Adventure!!",761,570000,nascar_oval,leroy|ruby,,,,race_vs,,,
720,-SXioB8c8WI,"Donnie Gets a Built Transmission, ROLL CAGE, Axles, Shifter, and More!!! Extreme LS Fest Prep!",711,576000,,,,,ls,build,,,
719,QFuyBl9Fr14,I FINALLY Broke Donnie the Drift Car... The Damage Could NOT Be Worse lol! (REPOST... Whoops),1084,710000,,,,,,failure_or_crash|drift,,,
718,x2HoGm7WMno,Drag Racing Our 900hp NASCAR Truck Gets SAVAGE!... But Is It Ready For Race Week 2.0??,673,758000,nascar_oval,,,,,drag_pass|race_vs,900,,
717,YyS57B9gLTE,"I Sold My C8 Corvette After One Month of Ownership, I Have My Reasons...",652,964000,,,corvette,,,,,,
716,6LCztJxj9E0,Assessing Damage to Ruby's 427 After Beating the Supra... (We Messed Up),603,791000,,ruby,supra,,,failure_or_crash,,,
715,PFmFzG1kGuY,The WHEELMAN Show EP.2 - Taylor Ray (DRIFT BOI/YouTuber),2271,273000,,,,,,drift,,,
714,tmkrmS75WP0,FIRE at the Freedom Factory!!! Tandems Practice Turns Sketchy After Oil Leak Ignites!,1094,655000,freedom_factory,,,,,,,,
713,udjUJpOuJ14,Ruby Got CALLED OUT By a 7 Second Supra During Testing!!! FREEDOM MODE: ENGAGED,1223,1100000,,ruby,supra,,,,,,
712,CsINLcLSiS0,Putting Bigger Turbos on My Corvette Until It Runs a 7 Second Pass Episode 186,908,800000,,,corvette,,turbo,drag_pass|first_fire,,,
711,O2w_KyrC9l8,This is Gonna Be Expensive... My Biggest Hurdle To Opening the Freedom Factory!,903,954000,freedom_factory,,,,,,,,
710,QwVdJ3M3KbA,"We're Selling Some of Our Fleet... Here's Why (RV, Hovercraft, Jet, etc.)",777,868000,,jet_car_or_boat,,,,,,,
709,DCdJxMVb1Pk,The WHEELMAN Show EP.1 - Jeremy Formato (Car Tuner/YouTuber),2048,542000,,,,,,,,,
708,JMrN6y7sdhI,"Taking my GIANT Hovercraft on a RIVER ADVENTURE!!! Tore the Skirt, Ran Out of Gas, & More!",1352,1000000,,,,,,,,,
707,AUNp1d3tRp0,This Thing RIPS! FIRST 1/4 Mile Runs in Our Mid-Engine C8 Corvette!!! (+ Madi's First Pass Ever),835,859000,,,corvette,,,drag_pass,,,
706,AwP97Hg8Z0g,Racing the Dale Truck on Nitrous Was a Huge SUCCESS!!! (Launches So Hard!),1135,928000,nascar_oval,,,,nitrous,race_vs,,,
705,SJzVPYUhJmE,Ruby Returns for Her SEVEN SECOND PASS!!! Can She FINALLY Do It??,1214,838000,,ruby,,,,drag_pass,,,
704,0-8pmzkT8hI,We Put Drag Racing Slicks on Our 900 Horsepower NASCAR Truck!!! (IT HOOKS!),842,767000,nascar_oval,,,,,drag_pass|race_vs,900,,
703,QjHnrlmMtTc,Toast's Supercharger Was Lost in the Mail... So They Sent Us This!!! (PURE FREEDOM),872,962000,,toast,,,supercharged,,,,
702,TMSZAvXAShU,I Bought a MASSIVE Fire & Rescue HOVERCRAFT!,958,1100000,,,,,,purchase,,,
701,FS9kh_ydYKs,We'll Let You Guys Decide On This One...,964,776000,,,,,,,,,
700,opUJ6upPWgo,We Put Drag Racing Tires on Our C8 and the Launches are INSANE!!! (+Ruby Update),893,946000,,ruby,corvette,,,drag_pass|race_vs,,,
699,5d2oNGYHeuo,My First 3 Days of C8 Corvette Ownership Were Intense... *bald eagle screech*,1051,1200000,,eagle,corvette,,,,,,
698,cGePwY-t0fY,"We FINALLY Got Our Mid-Engine C8 Corvette!!! 1000+hp Axles, Lowering it, and MORE!",1099,1300000,,,corvette,,,,1000,,
697,2-SVQB5pCEk,"I've Always Said I Could Fly an Airplane With NO HELP... Finally, Someone Let Me Try!!!",905,1000000,,,,,,,,,
696,3O7-aGfcs9g,"LEROY vs. Mike Finnegan's ""BLASPHEMI"" 2,500hp Stick Shift BATTLE!!! Leroy Was Surprised...",917,959000,,leroy,,,,race_vs,2500,,
695,kOxgRB27O5o,Humiliating Average Boat Ramp Users With a Luxurious HOVERCRAFT!!! (Lake Adventure w/Uncle Finn),886,1700000,,,,boat,,,,,
694,hhS8Xj_Rrsc,"Riding In Mike Finnegan's 11.7 Liter Twin Turbo BIG BLOCK Jet Boat!!! (Nearly 2,000 Horsepower)",1247,12000000,,jet_car_or_boat,,boat,turbo|big_block,,2000,,
693,w_rhiQaGKbQ,I Bought One of the RAREST Sand Rails in Existence and Took it Duning! (Drag Race Ripper),1372,1300000,,ripper,,,,drag_pass|purchase|race_vs,,,
692,L41iI1TN7ww,We Literally SANK a Side by Side... It Was WAY DEEPER Than We Thought!! (Insane Day in the Dunes),1392,1500000,,,,,,,,,
691,uuuqORiEjzI,Dyno Testing DONNIE the Drift Car!!! He Makes More BALD EAGLES Than We All Thought!,784,686000,,eagle,,,,dyno|drift,,,
690,zQk3LJYOB1g,"Finally Getting Leroy the Roof He Deserves!!! Jet Ski Shopping w/1,500hp Corvette Kart!",736,779000,,leroy|jet_car_or_boat,corvette,boat,,,1500,,
689,zqkHMMXmq2I,We Got Some MASSIVE TURBSKIES For Our 2000+Hp El Camino Project!!! (freedom whistlers),772,864000,,,,,,build,2000,,
688,-mk_KzKc4O0,Florida Man Takes His HOVERCRAFT Career To the Next Level (ON WATER) #BrotherCraft,972,926000,,,,,,,,,
687,dBmzq59vwVI,We Bought a Running and Flying HOVERCRAFT!!!! (it's a ripper),1032,1000000,,ripper,,,,purchase,,,
686,GTlwnW1Iogc,"Ruby, Leroy, and the GT500 Return From RACE WEEK! Here's What Needs Fixin + Plans for Leroy!!!",692,705000,,leroy|ruby,mustang,,,race_vs,,,
685,W6aDnkKEuCQ,How'd the Freedom Factory Hold Up to PRO DRIFT CARS Abusing It?? DAMAGE REPORT!!!,870,805000,freedom_factory,,,,,failure_or_crash|drift,,,
684,WYf-NNETW6o,RACE WEEK Day 7: Can Ruby and Leroy WIN RACE WEEK!?! Making Their Final Runs Together!!,1468,1200000,,leroy|ruby,,,,race_vs,,,
683,ZPtoeCizc4I,"RACE WEEK Day 6: The Axlepocalypse, But the Damage Goes Deeper... BAD News for Ruby!!!",1344,1000000,,ruby,,,,failure_or_crash|race_vs,,,
682,Ap50tiGWXe8,"RACE WEEK Day 5: Kansas to Colorado, Our Turbo Corvettes Take on Weather and EXTREME HEAT!!!",824,860000,,,corvette,,turbo,race_vs,,,
681,ZlrVvIe5dpQ,RACE WEEK Day 4: Ruby and Leroy Lock In a DOMINATING Lead! The Freedom is FLYING!!!,1106,893000,,leroy|ruby,,,,race_vs,,,
680,R2AcCD8jFdk,RACE WEEK Day 3: Ruby Lays Down an Almost PERFECT Pass!!! Can She Take Over 1st Place???,1067,953000,,ruby,,,,drag_pass|race_vs,,,
679,NO4_28Qn0VA,RACE WEEK Day 2: Ruby and Leroy Got PULLED OVER On Our 500 Mile Journey Through the Mountains!!,967,1700000,,leroy|ruby,,,,race_vs,,,
678,lRKkzn6j-Uw,RACE WEEK Day 1: Denver Check In and First Runs!! Ruby and Leroy Ran AMAZING!,1640,1100000,,leroy|ruby,,,,race_vs,,,
677,VZK1F-HZ_74,The Riskiest Move of Vaughn Gittin Jr's Career.... Florida Man Drives INSANE Spec 5-D RTR!!!,1190,1000000,,,,,,,,,
676,ACpdCWMJkAk,Donnie the Drift Car is INCREDIBLE!!!! The Best Driving I've EVER Done! (ft. Vaughn Gittin Jr.),1621,1100000,,,,,,drift,,,
675,d2XDkFPT4fA,Transforming Donnie the C5 Into a Full Blown DRIFTMOBILE Ripper 9000! (Turning is INSANE!!!),1281,807000,,ripper,corvette,,supercharged,,,,
674,Re3wXa8p_ZY,"We Turned a 220,000 Mile A/C Work Van Into a BURNOUT MONSTER!!! (Freedom Delivery Van)",838,861000,burnout_event,,,,,burnout,,,
673,9rxpmffv_N0,FINAL Test Driving Leroy and Ruby Before RACE WEEK! + New Mini Trailer!!!,1349,880000,,leroy|ruby,,,,race_vs,,,
672,-wJn6BQOZb4,Bearded Hooligan Shows Up at the FREEDOM FACTORY and Destroys my Lawn!!! FF Security In Pursuit!,875,989000,freedom_factory,,,,,,,,
671,8XxYaAQ8TSs,Ruby and Leroy Go Testing for RACE WEEK!!! Is This Enough to Win?? (please don't break!),1527,865000,,leroy|ruby,,,,race_vs,,,
670,NRVoBZE8QQE,JH Brought His Diesel Burnout Truck to the Dyno and Now He's BANNED... (Thing is CRAZY),1090,1200000,burnout_event,,,,diesel,dyno|burnout,,,
669,jBuqOyGuGlA,Ruby Gets a Complete RE-TUNE!! Boost Building FASTER Than Ever! (running like it should),771,690000,,ruby,,,turbo,build,,,
668,hwftNYl7Mcc,Ruby RETURNS After Fixing Her MELTED PISTONS!!! Repaired Texas Speed 7.0L Sounds BEAUTIFUL!,813,811000,texas_or_events,ruby,,,,build,,,
667,7qspAe7POsE,Surprising Our Freedom Factory Track Manager With a SWEET New Work Truck! (Scratch and Dent Special),1145,1000000,freedom_factory,,,,,,,,
666,SIqEMUhcc8o,"LEROY RETURNS and Makes CLEAN Power on the Dyno!!! Prepping Him For a 1,300 Mile Street Drive!!",1449,875000,,leroy,,,,dyno,,,
665,3jvKxhTf0LA,"Can We BLOW UP a 622,000 Mile LS Engine with a Supercharger?? This Car is EPIC!! (8 tractor flaps)",779,1200000,,,,,supercharged|ls,,,,
664,br4I8Ye-5yk,Introducing the Freedom Factory's NEW DRIFTMOBILE!!! + Absolutely Ripping It!! (so excited),1522,1100000,freedom_factory,,,,,,,,
663,XuMyvaSJFoE,Dropped Out of Law School To Become a Professional Redneck...,1202,1000000,,,,,,,,,
662,qcSPmHAJYL0,So... I Tore Up Ruby's BRAND NEW Texas Speed Engine... (McFarland Tuning Gone Wrong),1455,1000000,texas_or_events,ruby,,,,,,,
661,0cXPdCq5AQE,Bald Eagle Machine Dyno ROUND 2!!! We Found a MAJOR Boost Problem!! (holding back the freedom?),1216,769000,,eagle,,,turbo,dyno|failure_or_crash|purchase,,,
660,vovohmoiSSw,"The Bald Eagle Machine Hits the DYNO!!! Can it Put Down 1,000+ Horsepower?? (Part 1)",1401,886000,,eagle,,,,dyno,1000,,
659,Ltqv2tgZpd8,"Taking the Freedom Factory ""Unit Transporter"" On Its First Test Drive!!! (IT DOES WHEELIES)",1056,916000,freedom_factory,,,,,,,,
658,sdWLtt67pbo,"CHEAP CAR BATTLE!!! Who Bought the Best Car For UNDER $1,500?? (drag race, rally cross, oval track)",2805,4700000,nascar_oval,,,,,drag_pass|purchase|race_vs,,,
657,5qJqhvqAqRk,"James and Cooper Reveal their $1,500 Cars to Battle my CHEAP Camaro Z28!!!",993,1100000,,,camaro,,,race_vs,,,
656,PlZRJuNFxMo,The Bald Eagle Machine's FIRST START UP w/its NEW Texas Speed LTX!! **FREEDOM OVERLOAD**,940,838000,texas_or_events,eagle,,,,first_fire,,,
655,P4XEGuUiWgw,The Freedom Factory's ABANDONED Tow Truck Goes on Its First Job!!! Can it Actually Pickup a Car??,1027,1100000,freedom_factory|abandoned,,,,,,,,
654,m5KjaVNUgdk,The Dale Truck's FIRST TEST RIPS at the Freedom Factory!!! (900hp Nitrous NASCAR),1213,1000000,freedom_factory|nascar_oval,,,,nitrous,,900,,
653,0_A8zqkoA7E,"I Bought a $1,000 Camaro Z/28 to Destroy Cooper and James in a $1,500 BEATER BATTLE!!!",1237,1200000,,,camaro,,,purchase|race_vs,,,
652,k3IOO8MksTw,The Bald Eagle Machine's 1200hp Texas Speed LTX Engine Has Arrived!!! (FREEDOM INFUSED),1001,913000,texas_or_events,eagle,,,,,1200,,
651,Ncvsd5NMUrE,We Fed NITROUS To Our LS7 Powered NASCAR Truck!! (It Freaking LOVED IT),1671,1200000,nascar_oval,,,,nitrous|ls,,,,
650,9I5cbcBjemg,We Put the World's Most Ridiculous ROOF RACK on a Crown Vic!!! Introducing McFarland Engineering!,1148,774000,,crown_vic,,,,,,,
649,oIfYTDcLkHU,"We Found a REAL ""Jaws of Life"" Setup at the Freedom Factory and Powered Them Up!!! (they're insane)",1286,1100000,freedom_factory,,,,,purchase,,,
648,FvsNPV3BzMI,I WRECKED My Can Am X3 Turbo RR... Hurt My Machine and my Ego!!!,1145,1300000,,,,,turbo,failure_or_crash,,,
647,WNmPF71160g,The Freedom Factory's First OFF-ROAD RACE!!! An Absolutely Spectacular FAILURE lol!,1699,1000000,freedom_factory,,,,,race_vs,,,
646,ZHFFoAmGdJE,We Built the Freedom Factory an OFF-ROAD Track To Race Our Crown Vics lol!!! (going to be epic),1153,818000,freedom_factory,,,,,build|race_vs,,,
645,E-SnLtzA88U,We Put Our STREET BIKE Powered Golf Cart on the DYNO!!! (How Much Horsepower!?),1336,1000000,,,bmw_audi_vw,motorcycle,,dyno,,,
644,U5z1afZI3_8,"Introducing Our NEW TOW RIG, White Bison!!! (2020 Ram 3500 6.7L Cummins High Output)",777,850000,,,,,diesel,,,,
643,Twqtc-O87Hw,RUBY'S NEW FASTEST PASS!!! Can the Auction Corvette FINALLY Run a Seven Second 1/4 Mile!?,1955,1100000,auction,ruby,corvette,,,drag_pass|purchase,,,
642,UYorDn6MH04,Ruby Had a Ridiculous Failure at the Track... Probably the LAST THING We Expected!,1047,878000,,ruby,,,,,,,
641,nnvOcOvsCOc,The Freedom Factory's Water System is ONLINE!!!! We've got Water!,1267,1000000,freedom_factory,,,,,,,,
640,Q8Lz4G2YfjY,Drainage Problems At the Freedom Factory... (real world problems),625,927000,freedom_factory,,,,,failure_or_crash,,,
639,ijYdqic6LGc,FINALLY Drifting the Freedom Factory's Recent Improvements... We Had SO MUCH FUN!!!,1864,1500000,freedom_factory,,,,,drift,,,
638,R5gNZtblaUo,My First Time Cutting the Freedom Factory's NEW GRASS!! + Prepping to Drift the Asphalt Renovations!,1066,751000,freedom_factory,,,,,build|drift,,,
637,kipE1LbWwCM,NEW Parts Arrive For the BLOWN UP Bald Eagle Machine!!! Aiming for 1000+hp... Will This Do It??,1207,892000,,eagle,,,supercharged,failure_or_crash,1000,,
636,yd2Wcus6eOc,Ruby EASILY Lays Down Her Most Horsepower EVER on the Dyno!!! (88mm Turbo SCREAMIN!),1301,1000000,,ruby,,,turbo,dyno,,,
635,HPA_oSvUYRs,We FIXED Ruby’s Boost Problems!!! (Making 30+psi Now) + Surprising James With a SICK New Tool Box!,1042,894000,,ruby,,,turbo,build|failure_or_crash,,,
634,p6nKVcbZn-I,"We've Secretly Been Preparing MULLET the El Camino For Race Week! (2,000 Horsepower Project)",1025,1000000,,mullet,,,,build|race_vs,2000,,
633,LaTFzOfCpDc,"TOAST is Getting a Completely Different Engine, But It's For a Good Reason!! (+blower damage)",879,1000000,,toast,,,supercharged,failure_or_crash,,,
632,_cWvHojLX0A,Ruby's First Time RACING w/her NEW Texas Speed 7.0L!! This is A LOT of Bald Eagles... (quest for 7s),1613,1300000,texas_or_events,ruby|eagle,,,,drag_pass|race_vs,,7.0,
631,-ndwmvIwQmo,Firing Up Ruby With Her NEW Texas Speed 7.0L V8 + Completely Changing Her Turbo System...(we had to),1740,1100000,texas_or_events,ruby,,,turbo,,,,
630,k_M6c5xJU78,"We Let a 4,000 Horsepower Promod Camaro Into the Freedom Factory... (Laps and Burnout!!!)",712,1800000,freedom_factory|burnout_event,,camaro,,,burnout,4000,,
629,arp0aL0C86A,"Introducing Ruby's NEW ""Hand-Me-Down"" 1,500 Horsepower Texas Speed 7.0L!! (TIME FOR A 7 SECOND PASS)",1085,1100000,texas_or_events,ruby,,,,drag_pass,1500,,
628,SS16EZRnY0k,My 850 Horsepower C7 Corvette Blew Up... Here's What Happened! (bald eagle down),1120,1300000,,eagle,corvette,,,failure_or_crash,850,,
627,OYzLW2OSh7w,Introducing the Freedom Factory's NEW Can Am Defender 6x6 + Water System Repair!,724,843000,freedom_factory,,,,,,,,
626,cOI3IDlIiq4,"Instagram Ricer in ""Stage 2"" BMW Calls Out Our Nitrous Fed Diesel Galaxie! (Many Freedoms)",899,1200000,,galaxie,bmw_audi_vw,,nitrous|diesel,,,,
625,U3aqXjOLVqU,We Took Our CBR1000rr DRAG RACE Golf Cart Golfing... (Kicked Out on Last Hole),1877,2500000,,,bmw_audi_vw,,,drag_pass|race_vs,,,
624,7SgmJHE-79w,TOAST RETURNS TO AMERICA!!! Our 10.3L Supercharged Camaro is Back From Australia...,672,1000000,,toast,camaro,,supercharged,,,,
623,RNXi1Wlj-Qw,Freedom 500 DAMAGE REPORT!!! This EPIC Race Left Some DESTRUCTION! (So Worth It),1018,1300000,,,,,,failure_or_crash|race_vs,,,
622,VOVcH_WR8P4,Building the Freedom Factory a GIANT Burnout/Drift Pad GRAND FINALE!!! (First Burnout Competition),2183,2200000,freedom_factory|burnout_event,,,,,build|burnout|drift,,,
621,XMnYLCzQe0s,Building the Freedom Factory a GIANT Burnout/Drift Pad Part 5!!! (SO MUCH GRASS),1352,1400000,freedom_factory|burnout_event,,,,,build|burnout|drift,,,
620,W9Q8C_a0npM,Building the Freedom Factory a GIANT Burnout/Drift Pad Part 4!!! (3am CONCRETE POUR!!),1495,1500000,freedom_factory|burnout_event,,,,,build|burnout|drift,,,
619,IVvZ-Q0t87s,Building the Freedom Factory a GIANT Burnout/Drift Pad Part 3!!! (ASPHALT DAY!!),1081,1200000,freedom_factory|burnout_event,,,,,build|burnout|drift,,,
618,n3LQUxt-O0w,Building the Freedom Factory a GIANT Burnout/Drift Pad Part 2!!! (ripping out EVERYTHING),1061,1300000,freedom_factory|burnout_event,,,,,build|burnout|drift,,,
617,hlmCdLR4LnU,Building the Freedom Factory a GIANT Burnout/Drift Pad Part 1!!! (don't worry...),1634,1500000,freedom_factory|burnout_event,,,,,build|burnout|drift,,,
616,plqsq7jLcNE,Surprising One of Our Best Friends With a BURNOUT CAR!!! (He Freaking RIPPED IT),696,902000,burnout_event,,,,,burnout,,,
615,V1SeYVASfXk,How We're Equipping 25 Crown Vics With NITROUS and ROLL CAGES For Our Freedom 500 Race!,1115,1200000,,,,,nitrous,race_vs,,,
614,ix4UEde5AoY,Testing Ruby's New GIANT 88mm Turbo!!! This Thing Sounds INSANE!! (Boost and Freedoms),1732,1700000,,ruby,,,turbo,,,,
613,9EPygjTojFs,Welding on Ruby's GIANT New 88mm Turbo!!! + Immediately Testing the Spool Time! (many freedoms),1303,1500000,,ruby,,,turbo,,,,
612,31xKgSGHJ7M,Ruby's Getting the BIGGEST Turbo We've Ever Used + Prepping Leroy to return to Drag Racing!!!,902,922000,,leroy|ruby,,,turbo,drag_pass|race_vs,,,
611,0VuuzrN_BUc,The Freedom Factory has some MAJOR Issues You Probably Didn't Know About...,1204,1500000,freedom_factory,,,,,,,,
610,AOaB4whbXTM,Ronnie Mac Visited My House and Attempted the World's Most Legendary Pond Gap... *BALD EAGLE BOOTER*,795,2300000,,eagle,,,,,,,
609,Qud8KwxzwLA,I Nearly Wrecked a Twin Turbo Lambo at the Freedom Factory... (Safety Eye Opener with Cleet),670,1200000,freedom_factory,,exotic,,turbo,failure_or_crash,,,
608,JDahtZDcRwQ,Vaughn Gittin Jr. LAUNCHES His Car Into the Freedom Factory + Neighbor Qualifies For Formula Drift!,1816,2400000,freedom_factory|neighbor,,,,,drift,,,
607,sU4bOChqVfE,Mullet'd Chevy Enthusiast Drives a NEW Mustang GT500 w/900hp... (it actually freedoms),943,1100000,,mullet,mustang,,,,900,,
606,7zNwnkup1bE,"Florida Man Attempts To Drive On TWO WHEELS, Promptly Crashes... (learning new skillz)",816,846000,,,,,,,,,
605,AeXHvCmzcr8,PROJECT NEIGHBOR's New 2020 Livery is AMAZING! + Slapping on an Upgraded Supercharger!!!,936,1100000,neighbor,,,,supercharged,build,,,
604,qNnM4sPtMnM,Resurrecting the Freedom Factory's V8 Powered 'REDNECK Leaf Blower 9000!!',950,1500000,freedom_factory,,,,supercharged,,,,
603,6bGM3yIGyP4,Meeting the Man Who Originally BUILT and Owned Our Abandoned Speedway in the 70's!!,1003,1600000,abandoned,,,,,build,,,
602,iX7b8hOvCjo,Saving Our ABANDONED Freedom Factory Tow Truck!!! First Attempt at Driving It!,751,1400000,freedom_factory|abandoned,,,,,,,,
601,hn3-Sr6Ctds,FULL RIP in the NEW Mid Engine C8 CORVETTE! (Track Day/How To Do a Burnout/Freedom),1154,1400000,burnout_event,,corvette,,,failure_or_crash|burnout,,,
600,QJP2InwYmiM,Florida Man TEST DRIVES The New Mid-Engined CORVETTE C8!!!,1499,1400000,,,corvette,,,,,,
599,cwLTQB6a3rc,Renovating an Abandoned Racetrack Part 1 (extreme satisfaction),1153,2000000,abandoned,,,,,build,,,
598,oHnUw8sfKQk,"Our First Ever BURNOUT RIVALS Competition! James, Coop, JH, and More BATTLE For the Belt!!",1906,1500000,burnout_event,,,,,burnout|race_vs,,,
597,HLj9f7jzwck,Finally Testing ALL of Our BURNOUT MACHINES!!! Freedom Takes Over... It Was AWESOME!,1291,1300000,burnout_event,,,,,burnout,,,
596,2u2yZc28pcE,Restoring Power to our Abandoned Speedway After TWO YEARS in the Dark! (Freedom Factory),802,1400000,freedom_factory|abandoned,,,,,,,,
595,23Vb1n4lgyU,MAJOR Overhaul at the Freedom Factory... The Difference is INSANE!!! (many freedoms),1144,1800000,freedom_factory,,,,,,,,
594,dHa6fDt9nvw,Firing Up the Freedom Factory's ABANDONED Pace & Fire Rescue Car! (it's actually awesome!!!),890,1900000,freedom_factory|abandoned,,,,,,,,
593,HydYuu9-Lf8,Firing Up ABANDONED Racetrack Equipment at the Freedom Factory!! (freedom filled results),930,2200000,freedom_factory|abandoned,,,,,,,,
592,IbT6uuA8-vw,"Freedom Factory TOUR #2 - Welcome Inside!!! Garages, Race Control, Abandoned Tow Truck and More!",1506,1700000,freedom_factory|abandoned,,,,,race_vs,,,
591,fmKuY8v_EoE,"Freedom Factory TOUR #1 - How Bad is the Track, Plans For New Shop, Burnout Pad Layout!",1384,1600000,freedom_factory|burnout_event,,,,,burnout,,,
590,25Iy2DqMMQg,So... We Bought an Abandoned Racetrack!!! (our new home),839,4400000,abandoned,,,,,purchase,,,
589,P2juVTwlrYA,"James FINALLY Gets to Test His FREEDOM Burnout Truck ""White Trash"" (we've got problems)",963,928000,burnout_event,,,,,failure_or_crash|burnout,,,
588,JWr5A6VP2K4,"Flying to Alabama to Buy One of my DREAM CARS!! (didn't make a deal, here's why)",1146,2000000,,,,,,purchase,,,
587,KT7sYrQaw_M,THE DALE TRUCK RETURNS!!! Firing it Back Up and Going For a RIP! **FREEDOM WARNING**,729,951000,nascar_oval,,,,,failure_or_crash,,,
586,wER2S4pdxJQ,Our FIRST Street Cruise in the Turbo ROTARY Mystery Machine!!! (Rips Tires in 3rd Gear lol),891,944000,,,,,turbo,,,,
585,pIcLF_UMcOc,ROTARY Swapped Mystery Machine EP.5 SERIES FINALE - Cooper's First Rotary Micro Van BURNOUT!!!,693,1000000,burnout_event,,,,engine_swap,build|burnout,,,
584,3bJFIMcr7NI,ROTARY Swapped Mystery Machine EP.4 - BOOSTED Micro Van Hits the Dyno!!! (baby boost),844,1000000,,,,,turbo|engine_swap,dyno|build,,,
583,gn5iRe-a7i4,ROTARY Swapped Mystery Machine EP.3 - FIRST START UP!!!! Turbo Rotary Engine Comes to Life!,1017,1100000,,,,,turbo|engine_swap,build|first_fire,,,
582,5DBOGOFw-OI,ROTARY Swapped Mystery Machine EP.2 - BIG Turbo on a LITTLE Van! + WE GOT A NEW TRAILER!!!,1157,936000,,,,,turbo|engine_swap,build,,,
581,e1Y7LEfIhoI,ROTARY Swapped Mystery Machine EP.1 - Introducing Cooper's New TURBO ROTARY Engine!!!,954,955000,,,,,turbo|engine_swap,build,,,
580,mTOvRSrDy2c,"Ruby Makes it to the ""STREET RACER"" Class FINALS!!! Then This Happened...",1330,687000,,ruby,,,,,,,
579,-krx6lSiKjA,Ruby Fights For Her FIRST Competitive Win! FINALS With a Twin Turbo Lamborghini!,790,709000,,ruby,exotic,,turbo,,,,
578,9kYOG57qeI4,Prepping TOAST To Come Back to the United States!!! + Bought a NEW Micro Van lol!,713,617000,,toast,,,,purchase,,,
577,T8UUbg2PkKs,TOAST'S Last BURNOUT in Australia! Letting the Bald Eagles Fly Under HEAVY Smoke!,1163,967000,burnout_event,eagle|toast,,,,burnout,,,
576,2_h7pAoBxms,TOAST POPS TIRES IN AUSTRALIA!!!!! (It Wasn't Pretty),1130,1200000,,toast,,,,,,,
575,oF3BvNgYfvI,Finding TOAST a New Engine!! Installing and Firing Up the Fresh BALD EAGLES! (Kangaroo Infused),907,928000,,eagle|toast,,,,build,,,
574,SNoRb1C80Fk,"TOAST'S FIRST AUSTRALIAN BURNOUT!!!!! (Started Well, Ended Badly) *toasted edition*",1584,1900000,burnout_event,toast,,,,burnout,,,
573,ZWgY9vDouVs,Firing Up Our 10.3L Supercharged Camaro for the First Time in AUSTRALIA!!!,891,1100000,,,camaro,,supercharged,,,,
572,-6LwORAfen8,**FREEDOM ALERT** Finding TOAST In Australia and Revealing His AMAZING New Look!! (ready to rip),1031,868000,,toast,,,,failure_or_crash,,,
571,PZv3hC0P5-E,James' Burnout Truck Hits the DYNO!! Ends HORRIBLY... Was It Worth It?? (Cam Chop Level 9000),835,1000000,burnout_event,,,,,dyno|burnout,,,
570,BxG5Lgorn2s,"James' Burnout Truck ""White Trash"" COMES TO LIFE!!! (Well Sorta...)",940,988000,burnout_event,,,,,burnout,,,
569,miJJx2bG1Mg,TOAST Made it to Australia!!! Sketchy Things Happened... + Mystery Machine Blows Up!,1817,1000000,,toast,,,,,,,
568,CdAZwtDGqe8,Dynoing the Mystery Machine! Officially our LOWEST HORSEPOWER Dyno Record LOL!,1670,1000000,,,,,,dyno|drag_pass,,,
567,eisLi63XdU0,Introducing Cooper's NEW BURNOUT MACHINE!!! (Funniest Vehicle We've Ever Bought),1048,753000,burnout_event,,,,,purchase|burnout,,,
566,ms0L8CwlxRg,Letting My Ricer Youtube Friends Drive a 1000hp DRAG CAR! +JH Buys a Burnout Truck!,1250,1300000,burnout_event,,,,,drag_pass|burnout,1000,,
565,vzexrCA7zjI,"RIPPING Four Deep in a 900hp Drifting Cop Car! Slamming Into Walls, Full Bald Eagle Rips and More!",1300,558000,,eagle|crown_vic,,,,drift,900,,
564,PymX_JdEOv0,Introducing James' Very Own BURNOUT MACHINE!!! Bought and Immediately Ripped! (nitrous incoming),896,798000,burnout_event,,,,nitrous,purchase|burnout,,,
563,_yrxbcB4CwA,"Dyno Testing $5,000 Worth of ELECTRIC Turbos! Double the BOOST!!!",1157,2200000,,,ev,,turbo,dyno,,,
562,Lp95N0Rg-CQ,Assessing the Crash Damage On Our STREET BIKE Powered Golf Cart + Help Plan Build Wars 2!,752,604000,,,bmw_audi_vw,motorcycle,,build|failure_or_crash,,,
561,Pb3B85v8kU0,Helping My Friend's Make Their First 8 SECOND PASSES! (they FREAKED!),927,638000,,,,,,drag_pass,,,
560,qLtBHDaZ_ig,"Drag Race Testing a $2,500 ELECTRIC TURBO!! Will This Thing Really Perform??",798,1000000,,,ev,,turbo,drag_pass|race_vs,,,
559,qXqh3e1fmq0,Build Wars DAY 6: RACE DAY!!! Epic Competition Ends With a Violent WRECK...,1932,2200000,,,,,,build|failure_or_crash|race_vs,,,
558,ArChzEwr-NA,Build Wars DAYS 4 & 5: FIRST RIP In Our 1000cc Street Bike Powered Golf Cart!! (IT'S INSANE),2705,2400000,,,bmw_audi_vw,motorcycle,,build|failure_or_crash,,,
557,11a2lcbvqzM,Build Wars DAY 3: Our Street Bike Powered Golf Cart is ALMOST Ready To Rip! (Sounds like FREEDOM),969,824000,,,bmw_audi_vw,motorcycle,,build|failure_or_crash,,,
556,uZYVNMlBsFU,Build Wars DAY 2: Buying a WRECKED 1000cc Street Bike for Our Golf Cart Build!! (SHE'S A RIPPER),1137,902000,,ripper,bmw_audi_vw,motorcycle,,build|failure_or_crash|purchase,,,
555,E0xZeS1rG_8,Build Wars DAY 1: Team Cleetus -VS- Team Boostedboiz ULTIMATE Youtube Build-Off!,1157,1000000,,,,,,build|race_vs,,,
554,3RVbK6H4HOQ,RUBY -vs- Bald Eagle Machine! Does Removing Your Hood Actually Make You Faster??,841,756000,,ruby|eagle,,,,race_vs,,,
553,7a_J2X88fSE,"Dyno Testing a $2,500 ELECTRIC TURBO! 48 Volts of BOOST!!",1506,5800000,,,ev,,turbo,dyno,,,
552,QbumZOIzDS8,Here's Our Plan To Make Leroy Go Mid 7's... (First Discussion of Body Panels),1140,771000,,leroy,,,,drag_pass,,7.0,
551,LlgsXfYn8dY,We Built a WOODEN Drive Shaft! Will It Survive a Clutch Drop?? (VERY SKETCHY),1126,1300000,,,,,,build,,,
550,IZwgr7MUwwU,Leroy the Savage at World Cup Finals 2019!!! **EXTREME Bald Eagles ALERT**,2447,3100000,texas_or_events,leroy|eagle,,,,,,,
549,c_gD8huo-PM,"Testing Leroy's New ""SLIPPER"" Clutch... THIS THING FREAKIN RIPS!!!",1085,1000000,,leroy,,,,,,,
548,BqaiJASVVdo,"Introducing Leroy's New ""SLIPPER"" Clutch! Breaking the 8 Second Curse... (World Cup Prep)",1193,745000,,leroy,,,,build,,,
547,5YnIWsSoLw4,"Riding In an INSANE Supercharged LS Powered Sand Buggy! (JUMPS, WHEELIES, FREEDOM & more)",945,894000,,,,,supercharged|ls,,,,
546,Ar3dKJU6GPY,Introducing My Newly BUILT Can-Am Turbo RR!!!! (and Immediately Full Sending It) + Cooper Surprise!,1542,1600000,,,,offroad_utv,turbo,build,,,
545,hdEsHlAzz2E,Ruby is NOT Going To Race at World Cup... Here's What Happened (sad bald eagles),1020,639000,,ruby|eagle,,,,race_vs,,,
544,rkfP63zBqgA,"Testing Ruby's NEW McFarland Fab Turbo Kit!! Started AWESOME, Ended Badly...",672,636000,,ruby,,,turbo,,,,
543,Orj0arV9lbg,We FINALLY Weighed Ruby... (SHAWTY THICC) + Building Her a NEW McFarland Fab Turbo System!,1985,852000,,ruby,,,turbo,build,,,
542,2Df-9q9qHIw,FL2K19 Day 2: Leroy Races the Fastest Stick Shift Car ON THE PLANET!!,1728,1500000,fl2k,leroy,,,,,,,
541,4XWmHzANOc4,"FL2K19 Day 1: Ruby's FASTEST PASS Ever, James' Hood RIPS OFF, Leroy is Still Slow!",1178,865000,fl2k,leroy|ruby,,,,drag_pass,,,
540,rsCnT9J9XKk,Our 10.3L Supercharged Big Block Camaro's FIRST BURNOUT!!! + Loading It For Australia! (SUMMERNATS),1308,1100000,burnout_event,,camaro,,supercharged|big_block,burnout,,,
539,MNtTU-6pNPw,Toast Dyno Day #3: FINALLY RUNNING AMAZING!!! 10.3L Big Block Makes ALL THE TORQUE!,2097,1800000,,toast,,,big_block,dyno,,,
538,b3r2Ph9leb4,Prepping Leroy For FULL FREEDOM MODE at FL2K19! + Chief Makes It Home!,778,592000,fl2k,leroy,,,,,,,
537,A1H21lmUd_8,Throwing 30psi of BOOST At Ruby Before Her First Big Race! *FREEDOM WARNING*,1191,826000,,ruby,,,turbo,race_vs,,,
536,DUPt-T-MtwU,TOAST IS BACK! Putting Our Repaired 10.3L Supercharged Big Block Back In!,1074,901000,,toast,,,supercharged|big_block,,,,
535,HtQ7ePlLDMM,"Project Neighbor GOES INSANE! Loses Tire, Catches on Fire, Overloads on FREEDOM, etc.",812,709000,neighbor,,,,,build,,,
534,GKKCaW8sWYc,Dyno Testing a $400 ELECTRIC TURBO! Funniest Car Part EVER!,1419,3000000,,,ev,,turbo,dyno,,,
533,KVtW2BQOU2c,Craziest Ride of MY LIFE! Vaughn Gittin Jr. Drives/Drifts/Shreds Our 900hp GT500 Swapped COP CAR!,2272,1800000,,crown_vic,mustang,,engine_swap,build,900,,
532,JSH2Ccf5jLU,CTS-V Wagon vs. GT500 Swapped Cop Car! + Ruby is Getting a NEW ENGINE!,1286,731000,,ruby|crown_vic,mustang|cadillac,,engine_swap,build|race_vs,,,
531,460xBmxpW_Y,Tearing Down Toast's Damaged 10.3L Supercharged Big Block! Mistakes Were Made...,840,1000000,,toast,,,supercharged|big_block,,,,
530,QoWPMXgnnb0,"Toast Dyno Day #2: We Turned Up The Boost, Made EPIC Power, But Then... BANG",1348,1300000,,toast,,,turbo,dyno,,,
529,5jjq07vmB0o,"Pulling the Plug on my Dream Jet Car Project... Here's Why, Hope You Can Understand",606,894000,,jet_car_or_boat,,,,build,,,
528,qDwI4UwaQRY,Duramax Dually CALLS OUT Our Cummins Powered Galaxie! (Our Fastest Pass Yet!),850,1000000,,galaxie,,,diesel,drag_pass,,,
527,rtodCRNbBAM,"Toast Dyno Day #1: Huge Problems Keep Us From Our 1,000+hp Goal!",1426,1200000,,toast,,,,dyno|failure_or_crash,1000,,
526,X-7r43yJhOg,FIRST DRIVE In Our 10.3L Supercharged Big Block Camaro! **GRAB YOUR MULLETS**,888,6200000,,mullet,camaro,,supercharged|big_block,,,,
525,Mm3ZVlurWVY,LS Fest Day 3: Leroy BATTLES In the Stick Shift Class!! Can We Get Our First LS Fest Victory!?,1350,915000,,leroy,,,ls,,,,
524,rG-ZaZW4syk,LS Fest Day 2: Turning Leroy UP and Shooting For SEVENS... But There's a Problem (Qualifying Day 2),968,733000,,leroy,,,ls,failure_or_crash,,,
523,oWcLHrgCXI4,"LS Fest Day 1: Leroy Races the World's Fastest Stick Shift Corvette, James' 240 Makes SICK Passes!",1936,1400000,,leroy,corvette|nissan,,ls,drag_pass,,,
522,UqE-s4FeVkE,The Bald Eagle Factory is EXPANDING!!! *Freedom Boost* + Leaving for LS Fest!,683,707000,,eagle,,,turbo|ls,,,,
521,8inklZitmZI,"Bogging the Dunes in My New Can-am Turbo RR... Epic Jumps, Water Skipping, Racing, Freedoming!",2152,1100000,,,,offroad_utv,turbo,race_vs,,,
520,z1mv_m1jSrw,Buying My DREAM TOY and Having the Time of My Life With It! (Can-am X3 Turbo RR),1670,1300000,,,,offroad_utv,turbo,purchase,,,
519,O23ZxjAFRas,INSTANT Car Guy For Life...10.3L Supercharged Big Block in Person! + Neighbor Wall Tap Damage!,854,1000000,neighbor,,,,supercharged|big_block,failure_or_crash,,,
518,cBnZRpyEhqQ,Auction Corvette (Ruby) vs. FERRARI 458! Pasta Machine Wasn't Ready for the Bald Eagles...,1305,1000000,auction,ruby|eagle,corvette|exotic,,,purchase|race_vs,,,
517,3NGhUa1F3cw,TOAST IS ALIVE! Firing Up Our 10.3L Supercharged BIG BLOCK For the First Time! *MAXIMUM FREEDOM*,1247,1400000,,toast,,,supercharged|big_block,first_fire,,,
516,HC4qszC0HZo,Toast's Supercharger is WAY BIGGER Than We Thought!! FREAKIN AMERICA BROTHERS!!!,996,1000000,,toast,,,supercharged,,,,
515,LThw5WQDPa8,Toast’s Engine is HERE... Biggest BIG BLOCK We Could Find! **FREEDOM OVERLOAD**,1042,993000,,toast,,,big_block,,,,
514,unpBBeI4Dus,MULLET Gets His 1500hp Texas Speed LS! (The Bald Eagles Have Landed!) + afterburner is on!,605,809000,texas_or_events,mullet|eagle,,,ls,,1500,,
513,cKgU-Tu5qPI,CLEETER MULLET REVEAL + Our FIRST Ever BIG BLOCK On the Dyno! How Much Will the Camaro Make??,1349,1000000,,mullet,camaro,,big_block,dyno,,,
512,Pi9eKDiexuI,"Redneck YouTuber Attempts His FIRST 1,500 Horsepower Dyno Run! *BALD EAGLE ALERT*",1101,989000,,eagle,,,,dyno,1500,,
511,qojn4VApN28,Can a Car RUN Through a GARDEN HOSE?? (DO NOT TRY),1145,1100000,,,,,,,,,
510,1KCuHGtgYi0,Desperate Duramax Owner Wouldn't Let Us Use Nitrous... Cummins Galaxie vs. Jeremy ROUND 2,963,771000,,galaxie,,,nitrous|diesel,race_vs,,,
509,fjWg2xmIZas,Surprising My Guys With SWEET New Aluminum Car Trailers! (1.5 Million Subscribers Celebration),1052,729000,,,,,,,,,
508,qAeM8zVjvpk,We're Building Our DREAM BURNOUT CAR! (and sending it to Australia),1041,977000,burnout_event,,,,,build|burnout,,,
507,p6gh3TTp9h8,**FREEDOM ALERT** First Pulls in Our Cummins Galaxie w/its NEW Fuel Mods... Holy Smokes!,1162,1000000,,galaxie,,,diesel,,,,
506,mwugr3i2apo,Blasting Our Cummins Galaxie With NITROUS! Dyno Boggin the NEW Fuel System Upgrades!,1021,1900000,,galaxie,,,nitrous|diesel,dyno|build,,,
505,9NNeqZawc7g,"Dyno Testing an EBAY ""Turbo Power Launcher"" Intake Pipe! This Thing is Hilarious...",1094,4700000,,,,,turbo,dyno,,,
504,HKpeR8WHQ2A,We Modified the Galaxie's Fuel System and IT'S INSANE! (and Faster),1523,1100000,,galaxie,,,,,,,
503,HtuAIlwrn50,Our First Time on a HUB DYNO! Andddd We Found Leroy's Weak Point...,1011,805000,,leroy,,,,dyno|purchase,,,
502,WTrBWGvhNvw,*New Dyno Record* on BARELY any Boost! Leroy Goes FULL FREEDOM MODE!,1685,875000,,leroy,,,turbo,dyno|drag_pass,,,
501,X8c7JhS04T4,Duramax Goober Calls Out Our Cummins Galaxie (The Galaxie's Second Grudge Race),980,1000000,,galaxie,,,diesel,race_vs,,,
500,CtYv6dbZhgI,Leroy's BLOWN UP Trans Gets Torn Apart... McFarland Transmissions at your Service!,1491,739000,,leroy,,,supercharged,failure_or_crash,,,
499,Wjk8Ig26chs,The Quest To Get Leroy Back in the SEVENS! Did Not Want to Post This...,649,627000,,leroy,,,,,,,
498,kNJYb0-jNe4,My Worst Nightmare... How We Nearly Missed Race Week and Lost Our Beloved Corvettes!,1139,767000,,,corvette,,,race_vs,,,
497,SU_jd9Vc-5Y,Our DIESEL Galaxie's FIRST RACE! Used the Nitrous... It's AMAZING!,1299,997000,,galaxie,,,nitrous|diesel,race_vs,,,
496,d6VhXR3ODp8,We Took Our Cummins Powered Galaxie DRAG RACING! (Torque Machine),1130,843000,,galaxie,,,diesel,drag_pass|race_vs,,,
495,8TXk9lOOtQM,Dyno Testing Our Homemade Nitrous System! AMAZING POWER Gains For the Galaxie!,904,727000,,galaxie,,,nitrous,dyno,,,
494,Ti-ZlzqSJNM,Our Cummins Powered Galaxie Gets a GHETTO Nitrous System... Will It Work? (Racing Roadkill Truck),1000,660000,,galaxie,,,nitrous|diesel,race_vs,,,
493,UZHXmq62_j8,"Cooper ""Accidentally"" DESTROYED My Flawless Mustang... (Luckily Caught on Camera)",938,887000,,,mustang,,,failure_or_crash,,,
492,w_X6RtEyRos,Race Week 2019 DAY 7: The Pass For ALL The Marbles... Can We WIN Rocky Mountain Race Week!?,1270,891000,,,,,,drag_pass|race_vs,,,
491,q6o_PQWV1ik,Race Week 2019 DAY 6: Leroy Sets a Kayaking World Record/Ruby Struggles To Get Down the Track!,1101,796000,,leroy|ruby,,,,drag_pass|race_vs,,,
490,UNAooP0Iscw,Race Week 2019 DAY 5: Fighting Back To the Top... We Need FAST Passes!,2196,1500000,,,,,,drag_pass|race_vs,,,
489,ykX4B-KOjYQ,Race Week 2019 DAY 4: Ruby and Leroy THRASH To Nebraska... 410 Miles Through MASSIVE Storms!,1713,837000,,leroy|ruby,,,,race_vs,,,
488,WycuZZTtA_w,Race Week 2019 DAY 3: Leroy Undergoes MAJOR Repairs... (Complete Disaster),1246,1000000,,leroy,,,,failure_or_crash|race_vs,,,
487,onFtVaHwL9M,"Race Week 2019 DAY 2: Mountain Driving the Racecars to Denver - RAIN, Bald Eagles, and Overheating!",1328,975000,,eagle,,,,race_vs,,,
486,vNllSIhoD-E,Race Week 2019 DAY 1: Check In and Racing - Ruby and Leroy Make AWESOME First Passes!,1209,1100000,,leroy|ruby,,,,drag_pass|race_vs,,,
485,m9TF9nDLpD4,Cleetus Shows Off His Golf Cart Boggin Skills... Ended SO BADLY! (Boostedboiz Shop Visit),884,892000,,,bmw_audi_vw,,,,,,
484,P-uHe5qY8gg,Testing Out the AIR RIDE On Our DIESEL Powered Ford Galaxie! (Works Freaking Amazing),858,703000,,galaxie,,,diesel,,,,
483,zYNuVUorROs,The Kids Leave for Colorado! Here's What We're Putting in Leroy's Trailer (Rocky Mountain Race Week),663,524000,,leroy,,,,race_vs,,,
482,Kj6FSc7b9AQ,Ruby Has NEVER Sounded This NASTY - Giraffe Tuning the Bald Eagles for Race Week!,919,687000,,ruby|eagle,,,,race_vs,,,
481,eKit9bFXG64,Ruby's NEW Heads Sound BEEFY! Bald Eagles Are Ready to BOG! (RTB),985,781000,,ruby|eagle,,,,,,,
480,W8b29yX-1FI,*RACEWEEK PREP* Leroy's First Time Towing... He LOVES His New U-Haul Trailer!,1190,751000,,leroy,,,,build,,,
479,JkMtw_25S44,Our Diesel Powered Ford Galaxie Now Has AIR BAG Suspension!... Well Sorta,712,619000,,galaxie,,,diesel,,,,
478,t6WBB-BiKeM,Ruby Goes Drag Racing w/Her NEW Torque Converter! (Builds ALL THE BOOST),1176,895000,,ruby,,,turbo,drag_pass|race_vs,,,
477,mR1qnnQsjRE,I Forgot It's Not a Racecar...,1065,830000,,,,,,,,,
476,2j28T3zrFs4,"Looks Like We're Not Getting a Jeep Trackhawk.. Life Changes Fast, Big Moves For The Future!",882,781000,,,mopar,,,,,,
475,p_rTdRKlItk,"Street Testing RUBY With 1000+ Horsepower/Preparing Her for a 1,300 Mile Racecar Roadtrip!",1130,842000,,ruby,,,,,1000,,
474,JcgxXvrBUvk,Testing Out Ruby's NEW Converter... Turbo SPOOLS Instantly!! **Freedom Intensifies**,959,812000,,ruby,,,turbo,,,,
473,yiAEc-QGzt0,We Took Neighbor Drag Racing and It Was an Epic FAILURE lol... Here's the Problem!,1203,787000,neighbor,,,,,drag_pass|failure_or_crash|race_vs,,,
472,hO1deZNg35w,STREET DRIVING Leroy an Hour to the Dragstrip... Attempting to Race and Drive Home! +the V1 Breaks..,2104,1100000,,leroy,,,,race_vs,,,
471,dIsUufYYSec,Diesel NOOBS Try to Dyno a Cummins Powered Galaxie (Complete Disaster),963,973000,,galaxie,,,diesel,dyno|failure_or_crash,,,
470,jLDNhT2miVU,"Preparing Leroy to STREET DRIVE Over 1,300 Miles to FIVE Racetracks! **RACECAR ROADTRIP**",1009,703000,,leroy,,,,,,,
469,ibVHpeTou8A,We Tried To Buy an Auction Jeep TRACKHAWK... What a Disaster (Almost got hustled),705,1500000,auction,,mopar,,,failure_or_crash|purchase,,,
468,FaTebBB-H4U,Cooper's 2JZ Supra Engine is ALMOST Complete! (This thing is INSANE...Might run 8's),760,833000,,,supra,,,drag_pass,,8.0,
467,JVn7qCRN8TA,Our DIESEL Powered Ford Galaxie is Getting AIR RIDE! + CHOOSING A NAME (please vote),970,669000,,galaxie,,,diesel,,,,
466,Qyfin23_hSM,"Introducing Our LATEST Project Car - Unique, Fast, and BAD*&S (NEED NAME IDEAS!)",748,943000,,,,,,build,,,
465,SvBRhs11HRw,Drag Racing Redneck *ATTEMPTS* Tandem Drifting With a 900 Horsepower Cop Car!,1822,699000,,crown_vic,,,,drag_pass|drift|race_vs,900,,
464,dpWHQ43W67Y,LS Fest LAS VEGAS Day 3: Ruby Wins Some Cash/Addressing Leroy DQ Situation...,1047,694000,,leroy|ruby,,,ls,,,,
463,Sofl_xv5MAE,LS Fest LAS VEGAS Day 2: Leroy Releases all the BALD EAGLES on the Dyno!,1123,894000,,leroy|eagle,,,ls,dyno,,,
462,ydTgTh7DdlI,LS Fest LAS VEGAS Day 1: The Auction Corvette's Fastest Pass EVER! (Testing & Qualifying),1116,737000,auction,,corvette,,ls,drag_pass|purchase,,,
461,pPPe5B1IklE,The Kids Leave for LS Fest in Las Vegas + The Crown Vic's Crash Bar is SICK!!,841,655000,,crown_vic,,,ls,failure_or_crash,,,
460,dmdvgHJAV40,Leroy BATTLES His Stick Shift BFF in Bristol (7 Second 2JZ 240sx),1135,784000,,leroy,supra|nissan,,,,,,
459,Y5xuVeitMMU,Leroy's First Competitive Race of 2019 - Boggin Deep - SCT Bristol Part 1,701,757000,texas_or_events,leroy,,,,race_vs,,,
458,9mNQHz9EHwM,NEVER Do This to a Tuner... Pranking Jeremy in the Worst Way! (On the Dyno),1293,889000,,,,,,dyno,,,
457,8a8G4udDwao,TEAM Driver's Battle - Team McFarland vs. Team Boostedboiz! (Stick Shift Challenge),2229,1400000,,,,,,race_vs,,,
456,KD48guHO2GQ,Driving Underwater EP.3 - HOW DOES THIS KEEP HAPPENING!? (Need Big Changes),1292,1500000,,,,,,,,,
455,_j4lSniNQ5g,RUBY vs. LEROY - Their First Heads Up Drag Race! *FREEDOM ALERT* (+Demolition Drag Racing),963,965000,,leroy|ruby,,,,drag_pass|race_vs,,,
454,8XSUWFFFI_E,Project Neighbor BURNS IT DOWN At Cleetus and Cars FL... (MASSIVE FIRE),2257,805000,cleetus_and_cars|neighbor,,,,,build,,,
453,91SyPGgELiU,Track Testing Ruby w/Her New GIANT Single Turbo! (Bump Box Works!) + Dirty V Returns!,787,766000,,ruby,,,turbo,,,,
452,IdzY6lcCiCM,"The Auction Corvette BOGS DEEP For 1,000hp... Can the Junkyard Engine Do It??",1460,1000000,auction,,corvette,,,purchase,1000,,
451,xgvcemzHj1k,FIRST START UP w/Ruby's New GIANT Single Turbo (Dual Tractor Flaps = +500hp!),1108,876000,,ruby,,,turbo,first_fire,500,,
450,CFILmL1E2U8,The Auction Corvette's NEW Turbo is MASSIVE... Will It Fit?? (guess the size!),1303,869000,auction,,corvette,,turbo,purchase,,,
449,9nGqqJzAjgg,Building a JET Powered Street Car EP.1 - Jet/Afterburner Mock-Up! (this is insane),1202,726000,,jet_car_or_boat,,,,build,,,
448,PQLFIevs7uQ,The Auction Corvette Attempts an 8 SECOND PASS Part 4 **Bald Eagle Alert**,2183,1100000,auction,eagle,corvette,,,drag_pass|purchase,,,
447,vZgfKiUiMrU,Ruby Hits the Dyno Once Again on the QUEST FOR 8's... Will This Be Enough Horsepower??,1400,768000,,ruby,,,,dyno|drag_pass,,8.0,
446,lxMpynnVoWs,McFarland Fab Opens Its Doors To Repair Ruby's Boost Creep Problem! **EXPERT WELDING**,931,676000,,ruby,,,turbo,failure_or_crash,,,
445,2okXmQ8Z3ok,Driving Underwater EP.2 - New Strategy Did Not Pan Out...,1293,2200000,,,,,,,,,
444,evU6dYDHn6g,The Auction Corvette Attempts an 8 SECOND PASS Part 3: Boost Creep Edition,1190,793000,auction,,corvette,,turbo,drag_pass|purchase,,,
443,9TiokG_jwvY,Ruby Version 3.0 on the DYNO! Redneck YouTuber Attempts Tuning By Himself...,1169,787000,,ruby,,,,dyno,,,
442,MuEwstR9_vM,The Auction Corvette COMES TO LIFE w/it's NEW Version 3.0 Junkyard Engine! (Sounds like Freedom),1042,668000,auction,,corvette,,,purchase,,,
441,G2RY2BWZ5Mk,I Crashed a Fellow YouTuber's Car... Was Driving for Literally 50 SECONDS!,1723,1800000,,,,,,failure_or_crash,,,
440,CmM9ND0oL68,Drift Boi Prep... Project Neighbor is FASTER Than Ever! (Zero Traction Alert),759,559000,neighbor,,,,,build|drift,,,
439,8XNwtjm3MBM,The Auction Corvette's VERSION 3.0 Engine is In! *Bald Eagles Preparing for Landing*,821,629000,auction,eagle,corvette,,,purchase,,,
438,wzqgmd4NCtE,Project Neighbor DOWN... Here's What Happened! + Assessing Damage to the Mini Bogger!,959,621000,neighbor,,,,,build|failure_or_crash,,,
437,Uz_FIVFruQQ,BIG CHANGES For The Auction Corvette! 1000+ Bald Eagles Incoming!,854,666000,auction,eagle,corvette,,,purchase,,,
436,zhLC0tic-Yg,Driving Underwater EP.1 - MISTAKES WERE MADE!,995,9100000,,,,,,,,,
435,KJm3MpFJy3E,Assembling the Auction Corvette's NEW Bald Eagle Engine! + Building a 10ft Snorkel For the Bogger!,1386,818000,auction,eagle,corvette,,,build|purchase,,,
434,91ExRb7DCZU,Attempting to Drift Our 900hp Retired Cop Car! +James’ Wedding Burnout!,1004,683000,burnout_event,crown_vic,,,,burnout|drift,900,,
433,FieWeoeUQyo,Introducing the Auction Corvette's VERSION 3.0 Junkyard (sorta) Engine! *Bald Eagle Alert*,1072,805000,auction,eagle,corvette,,,purchase,,,
432,RYsnGAijtcM,The Auction Corvette Attempts an 8 SECOND PASS With a BLOWN ENGINE! (Caught Fire),1386,842000,auction,,corvette,,supercharged,drag_pass|purchase,,,
431,_xR9ywUKJHM,The Auction Corvette's Roll Cage and Parachute is COMPLETE! + Jet Camino Update!,982,991000,auction,jet_car_or_boat,corvette,,,purchase,,,
430,nUhvS8VWshQ,Leroy Version 2.5 is INSANELY FAST! Can The New Bald Eagles Run a SEVEN Second Pass?,1657,1200000,,leroy|eagle,,,,drag_pass,,,
429,IudsbCmzBJs,*BALD EAGLE ALERT* Leroy Version 2.5 Breaks Our Shop's Dyno RECORD!,1810,1000000,,leroy|eagle,,,,dyno|drag_pass,,,
428,IIzPoZy4a-o,Leroy Version 2.5 COMES TO LIFE! His NEW Engine Setup Sounds AMAZING! (Ready For Big Boost),1415,906000,,leroy,,,turbo,,,,
427,wMFpm2BnOVs,Dropping In Leroy's NEW Version 2.5 FREEDOM Engine! He's Never Looked This Good!,1021,783000,,leroy,,,,,,,
426,ENXJsWErb0k,Introducing Leroy Version 2.5 - His New Engine is INCREDIBLE! **Bald Eagle/Freedom ALERT**,1858,970000,,leroy|eagle,,,,,,,
425,6kWvWGD2_RQ,Our ProCharged Corvette Hits The Dyno... Bald Eagles are ANGRY!,1425,828000,,eagle,corvette,,,dyno,,,
424,U1njLXtT-fQ,Assessing Damage to the Auction Corvette's THIRD Junkyard Truck Engine!,1875,950000,auction,,corvette,,,failure_or_crash|purchase,,,
423,DSHvFoyYc-g,The Auction Corvette Attempts an 8 SECOND PASS! (+ Project Neighbor Fire),1332,1000000,auction|neighbor,,corvette,,,drag_pass|build|purchase,,,
422,7PuoU2mk3jM,The Auction Corvette Goes For BIG POWER! Please Don't Blow Up...,1853,1100000,auction,,corvette,,,purchase,,,
421,vhrgZQU16MQ,The Auction Corvette's FIRST Fire Up w/Its THIRD Truck Engine! Preparing For an 8 Second Pass!,1535,920000,auction,,corvette,,,drag_pass|first_fire|purchase,,,
420,YyUyBBILguw,"I Was Hired To Drive an Import... Cleetus Powered Supra vs. Corvette, Mustang and GTR!",1672,1700000,,,corvette|mustang|supra|nissan,,,race_vs,,,
419,BxJNeUEoXMc,The Auction Corvette's Truck Engine is BLOWN UP (again)... Introducing Junkyard Ripper Version 2.0!,1519,1100000,auction,ripper,corvette,,supercharged,failure_or_crash|purchase,,,
418,QbBhYuxXmXo,We Used a Supra's Launch Control to BURN Our Old Christmas Trees! (feat. Fire Department),623,522000,,,supra,,,drag_pass,,,
417,Kpb_GBtlaZg,The Auction Corvette Attempts a 9 SECOND PASS! (First Pass w/Powerglide),1207,1000000,auction,,corvette,,,drag_pass|purchase,,,
416,X6eCr3zMA78,The Auction Corvette's NEW Transmission is INSTALLED! First Powerglide Rip!,1610,1200000,auction,,corvette,,,build|failure_or_crash|purchase,,,
415,ecdD31g6TBY,Introducing the MINI BOGGER 3000... An Off-Roading FREEDOM Machine! (Almost 100 Horsepower!),820,730000,,,,,,,100,,
414,MbDcyZiJCFM,Our GT500 Powered Cop Car is REBORN! 900+hp Of Ford Powered Freedom!,1194,908000,,crown_vic,mustang,,,,900,,
413,NVdKv144tcE,The Auction Corvette's NEW Transmission is INSANE! (Made With Freedom),777,818000,auction,,corvette,,,purchase,,,
412,WjXBzAwikXY,Introducing the Spaghetti Wagon... Cooper's NEW Daily! (+ V and Supra Update),934,718000,,,supra,,,,,,
411,R3jswUCuKLw,This Might Get Out of Control... the Dale Truck's New NITROUS Setup Has Arrived!,838,621000,nascar_oval,,,,nitrous,,,,
410,qt_30WzuvXc,The Auction Corvette Attempts a 10 SECOND PASS! (Boosted Junkyard Engine),776,1000000,auction,,corvette,,,drag_pass|purchase,,,
409,to7ZrLTlDCc,"The Auction Corvette Goes Back on the Dyno... Will the ""NEW"" Junkyard Engine Hold?",1050,1000000,auction,,corvette,,,dyno|purchase,,,
408,VFr7jhmpxSM,"The Auction Corvette is REBORN w/Her ""NEW"" Junkyard Truck Engine!",1728,1300000,auction,,corvette,,,purchase,,,
407,OAiXG9Cj2GI,Taking Our NASCAR Drag Racing Round #2... Shakedown Testing Was RIPPIN!,977,704000,nascar_oval,,,,,drag_pass|race_vs,,,
406,XHCjMnBXp08,"Dingleberry Honing the Auction Corvette's ""NEW"" Junkyard Truck Engine! *McFarland Machining*",1297,1100000,auction,,corvette,,,purchase,,,
405,55WAV2EzoGI,The Jet Camino's Roll Cage is INCREDIBLE... First Cleeter Test Fit!,989,762000,,jet_car_or_boat,,,,,,,
404,KAXsccy4I2k,MOUNTAIN DEW SENT US A BOX... **Bardle Skeet Alert** (this is not a drill),1196,1100000,,,,,,,,,
403,0uGmnxL02z0,"Finding the Auction Corvette a ""NEW"" Junkyard Truck Engine! (Super Cheap!)",829,1100000,auction,,corvette,,,purchase,,,
402,TvC_XRVv7aY,Neighbor's Engine is TORE UP... Here's What Happened! (good/bad news),718,861000,neighbor,,,,,,,,
401,XP9mrRr5cNE,Taking Apart the Auction Corvette's BLOWN Engine! The Carnage is AMAZING!,792,1700000,auction,,corvette,,supercharged,purchase,,,
400,JgZGr1cHiDM,Yanking Out Leroy's 1500hp LSX Heart... Compression Test Revealed Injured Eagles!,1466,823000,,leroy|eagle,,,ls,,1500,,
399,yzEFbKxMs9I,Cooper Got a NEW Car... HINT: It Has a TURBSKIE!,1153,870000,,,,,,,,,
398,byjhGu_Bwh8,"The Auction Corvette Goes DRAG RACING! (Ends Horribly, Engine EXPLOSION!)",1410,1400000,auction,,corvette,,,drag_pass|purchase|race_vs,,,
397,fUPEKmt5dGM,Leroy's New Diff Works AMAZING... Two of His Cleanest/Quickest Launches EVER!,803,691000,,leroy,,,,,,,
396,aNU8BNeuFAc,The Auction Corvette is STUPID Fast... FULL SPOOLING On The First Drive!,899,1400000,auction,,corvette,,,purchase,,,
395,rQcav-3UblQ,The TURBO Auction Corvette Hits the DYNO! Will the Truck Engine Survive?,1432,1300000,auction,,corvette,,turbo,dyno|purchase,,,
394,t8gG50c33Hw,The Auction Corvette COMES TO LIFE w/New Turbo Setup! (Launch Control is Unreal),1697,1500000,auction,,corvette,,turbo,drag_pass|purchase,,,
393,vbI1jY73EeY,Introducing/Firing Up Neighbor's New 1200+ Horsepower Engine... IT'S BEAUTIFUL!,1276,979000,neighbor,,,,,,1200,,
392,X_3qpvVtzxg,We Turbo'd the Auction Corvette in ONE DAY! (RIP Truck Engine),1763,1200000,auction,,corvette,,turbo,failure_or_crash|purchase,,,
391,euAZ1F7OzcU,Screw It... We're Turbocharging the Auction Corvette THIS WEEK!,1098,1400000,auction,,corvette,,,purchase,,,
390,R4aT8aF50A0,We Found the Auction Corvette's Previous Owner... The Story is INSANE!,851,3100000,auction,,corvette,,,purchase,,,
389,6L_Kp-k51Oo,Leroy Breathes SNOW! Moving Him Into the Texas Speed Booth at PRI 2018!,871,619000,texas_or_events,leroy,,,,,,,
388,8fIYjRZu5Fk,GIANT NITROUS SHOT vs. Auction Corvette! Will the Truck Engine Survive!?,1796,3100000,auction,,corvette,,nitrous,purchase|race_vs,,,
387,4P77HuED6IY,The HOLY GRAIL of Corvette Diffs Just Arrived for Leroy!!!,783,675000,,leroy,corvette,,,,,,
386,5YnmGmud3nU,We Bought an Auction Corvette and It's an Absolute Nightmare... (Truck Engine Inside),1348,3900000,auction,,corvette,,,purchase,,,
385,0O5GsEkLtFo,The C7 is Getting a 100% Billet FREEDOM Intake! + Neighbor Gets Cop Lights!,1924,548000,neighbor,,corvette,,,,,,
384,wbXIPvc0K_U,JET CAR UPDATE! Making a GIANT Air intake + Extending the El Camino!,1141,582000,,jet_car_or_boat,,,,,,,
383,5-chI80i_dY,Our GT500 Engine Blew Up... No One Saw This Coming,1197,710000,,,mustang,,,failure_or_crash,,,
382,x029gT9tzKQ,Our Limo Got PIT MANEUVERED! Demolition Drag Racing at Cleetus and Cars 2018!,695,309000,cleetus_and_cars,,minivan_or_odd,,,drag_pass|race_vs,,,
381,uiyJESyt3HA,"Our Retired Cop Car Made 1,000 HORSEPOWER!!! (Boost and Nitrous GT500!)",2595,1400000,,crown_vic,mustang,,turbo|nitrous,,1000,,
380,C7Ay3TUpdg0,Project Neighbor Goes INSANE... Then Catches on Fire! (Cleetus and Cars FL Burnout Contest),2113,561000,cleetus_and_cars|burnout_event|neighbor,,,,,build|burnout,,,
379,0y6Ipb6vRh0,Testing the GT500 Crown Vic w/NEW Cams and Pulley... Making A LOT More Boost!,812,501000,,crown_vic,mustang,,turbo,,,,
378,HCurSNY_HpQ,Chevy Guys Try Swapping Cams on a GT500... SOUNDS SO GOOD! (GT500 Swapped Cop Car),1322,513000,,crown_vic,mustang,,engine_swap,build,,,
377,2F1j5gZ1T-I,World Cup Day #4 - Leroy Goes Out in a BLAZE OF GLORY! (Racing World's Fastest AWD Civic!),1031,918000,,leroy,honda_or_acura,,,race_vs,,,
376,Vc9_lVI_6UQ,"World Cup Day #3 - Third Round Qualifying, Shattering Parts (Changing To Old Mounts)",1289,714000,,,,,,,,,
375,DrI1gAQiXRw,World Cup Day #2 - Second Round Qualifying Did Not Go As Planned...,888,864000,,,,,,,,,
374,jJT8ipQHGyc,"World Cup Day #1 - First Round Qualifying, Leroy on 30+ PSI of Boost!",1380,1100000,,leroy,,,turbo,,,,
373,UDupmdpbUv0,Leroy Comes Back To Life... Loading Up For WORLD CUP!!,640,367000,,leroy,,,,,,,
372,Ns7ROtqtTPo,"FINALLY Putting the ""Bald Eagles"" Switch To Use... Here's What it Does!",864,564000,,eagle,,,,,,,
371,Jdz_h7k-fv8,Leroy Has Engine Problems... With World Cup in ONE Week!,1564,495000,,leroy,,,,failure_or_crash,,,
370,JcTFUgBx3AY,**DIFF HAS BEEN FOUND** (Thank You) + Giant Dale Truck Skid!,1027,431000,nascar_oval,,,,,purchase,,,
369,L0cjBG0I_ao,I Accidentally BLEW UP My Demo Crown Vic (before the event)... It Sounds BAD!,1331,488000,,crown_vic,,,,failure_or_crash,,,
368,p3ySmNjd5jA,Dale Truck is BACK! + Meeting Fans in Rush Hour Traffic! (literally on the road lol),604,390000,nascar_oval,,,,,,,,
367,Bw8PSv6CVOw,Test Firing Project Mullet's ACTUAL Jet Engine! (Spooling Up to 90% Throttle),1110,823000,,mullet|jet_car_or_boat,,aircraft,,build,,,
366,G2FsosoOZFo,Buying Two CHEAP BEATERS For Demolition Drag Racing! Absolute RIPPERS!,1287,416000,,,,,,drag_pass|purchase|race_vs,,,
365,AhUYmdtUA58,We FINALLY Weighed the Dale Truck and Project Neighbor! + Announcing the LS1 Giveaway Winner!,1549,393000,nascar_oval|neighbor,,,,ls,build,,,
364,5e-I4DtCD14,Leroy Makes It To The FL2K18 Stick Shift Class FINALS! (180+MPH PASS!!),1415,767000,fl2k,leroy,,,,drag_pass,,,
363,DgPrFzF6_Kw,Leroy Snags the #1 Position in FL2K18 Qualifying! He's Running AMAZING!,896,517000,fl2k,leroy,,,,,,,
362,TB6sONaSuZA,Leroy Goes FULL FREEDOM Mode During FL2K18 Testing! + The V's First Nitrous Hit!,1159,575000,fl2k,leroy,,,nitrous,,,,
361,yNPfVhToAwc,Project Neighbor Goes FULL RIP at FL2K18! Ready to Battle Cooper's V!!,1286,514000,fl2k|neighbor,,,,,build|failure_or_crash|race_vs,,,
360,ROlFx84pzI4,"It's Official, I Have BROKEN Every Car at the Shop... (Shameless Excuse For New Mods)",862,401000,,,,,,,,,
359,ztBpkp9Z0hE,LEROY DOWN! The Bald Eagles BROKE Him + Cooper Rips For 10's!,1714,506000,,leroy|eagle,,,,failure_or_crash,,,
358,ebrU3obVR9g,"Introducing ""MULLET"" Our Future JET CAR! (Immediately Gave It Nitrous!)",1673,853000,,mullet|jet_car_or_boat,,,nitrous,,,,
357,4_GMaNgZtTE,We May Have Found the PERFECT Jet Car... Should We Buy It??,735,548000,,jet_car_or_boat,,,,purchase,,,
356,EocCM-eMBns,Project Neighbor's NEW 2-Step is INSANE! + We Added a Hydro Brake For Extra Freedoming!,741,463000,neighbor,,,,,build,,,
355,l4bbR06I83Q,"WE'RE BUYING A REAL JET ENGINE... The Quest for a ""Street Legal"" Jet Car!",2234,1300000,,jet_car_or_boat,,aircraft,,purchase,,,
354,4CNSz3UtrMc,"We Took Our NASCAR Drag Racing... It Broke, Parts Were Flying, It Was Epic!",1198,1000000,nascar_oval,,,,,drag_pass|failure_or_crash|race_vs,,,
353,SB9YflrS9xk,Dale Truck Hits the Dyno! Our LS7 Swapped NASCAR Makes GREAT Power!,1950,663000,nascar_oval,,,,ls|engine_swap,dyno|build,,,
352,woWUMKryYL8,"Dale Truck's FIRST DRIVE w/the NEW Engine! Bald Eagles, Fire Balls & FREEDOM!",1689,692000,nascar_oval,eagle,,,,,,,
351,Dw3MwMb0Sjs,Leroy Takes on LS Fest 2018! His New Engine is INSANELY Fast!,1456,1100000,,leroy,,,ls,,,,
350,PTlD3OaanZ8,Leroy Hits the DYNO! Making HUGE Power at Holley Performance's HQ!,677,582000,,leroy,,,,dyno,,,
349,15rm7Ufc1-0,Leroy's First Fire Up w/NEW 1500hp LSX Engine! Sounds Like BALD EAGLES!!!,839,708000,,leroy|eagle,,,ls,first_fire,1500,,
348,Cwt9kTjxb9A,Dale Truck's FIRST Fire Up! This Bald Eagle LS7 Sounds Like FREEDOM!!!,785,512000,nascar_oval,eagle,,,ls,first_fire,,,
347,-zxxwMErgIA,Introducing Leroy's NEW 1500+hp Engine... IT'S INCREDIBLE!!! + Major Cage Upgrade!,1106,898000,,leroy,,,,build,1500,,
346,C434J3850nc,A Box of Freedom Shows Up at the Shop... Dale Truck's Engine is HERE!,729,392000,nascar_oval,,,,,,,,
345,409udOuATZs,Dale Truck's Engine is OUT! + Assessing Leroy's Damage... Turns Out We Broke the Diff!,706,406000,nascar_oval,leroy,,,,failure_or_crash,,,
344,7bk9cwumfho,The Dale Truck's NEW Engine is UNREAL! Let's Dyno This BEAST!,979,683000,nascar_oval,,,,,dyno,,,
343,4ZKxmHn_YfU,The DALE TRUCK'S Build BEGINS! *Freedom ALERT* It's Going Down!,848,384000,nascar_oval,,,,,build,,,
342,5iSTajcH5CY,Breaking a Camaro World Record For Texas Speed!! BANGIN GEARS FOR AMERICA!,1048,510000,texas_or_events,,camaro,,,drag_pass,,,
341,2CmZcDq8T1A,WORLD'S FIRST Stick Shift GM In The SEVENS! Leroy's Most INSANE Pass!,2884,6100000,,leroy,,,,drag_pass,,,
340,lA8oMO0BG3E,Leroy RETAKES The Stick Shift Corvette WORLD RECORD!!! *EXTREME FREEDOM WARNING*,1649,681000,,leroy,corvette,,,drag_pass,,,
339,RnUSww1Oq4M,Leroy Makes an INSANE 175+mph Pass! Our NEW Record E/T and MPH! (Freedom Alert),1343,478000,,leroy,,,,drag_pass,,,
338,9TFbt8Ry0JY,LEROY vs. SKETCHY VERT! The Battle Continues... Who Will Win!?,1007,393000,,leroy,,,,race_vs,,,
337,NRiw5cZnuOA,"Supercharged Cop Car TAKES DOWN a Hellcat, GT500, and the BoostedBoiz!",1299,870000,,crown_vic,mustang|mopar,,supercharged,,,,
336,mE53-EbKZz0,Leroy Meets the WORST Track Surface He's Ever Seen... He LOVED It!,961,356000,,leroy,,,,,,,
335,VRJKxA50ozs,When You Go FULL SEND and Crash Into a Barrel at 50mph... (Ft. BoostedBoiz),924,565000,,,,,,failure_or_crash,,,50
334,1S6RqHfj4LA,"Roll Racing with Neighbor, Leroy, SketchyVert and 1320Video's ZR1!",798,497000,neighbor,leroy,corvette,,,race_vs,,,
333,gsbKfHCcnNs,Supercharged Cop Car Goes DRIFTING! WIDE OPEN Power Slides!,1052,519000,,crown_vic,,,supercharged,drift,,,
332,cLJ5jBkXZjo,Touching Up Neighbor's Tune in Kansas City! Driveability is AMAZING! (Easier Burnouts),552,319000,neighbor,,,,,burnout,,,
331,AbOktFvlOnI,Project Neighbor's VERY FIRST Drag Racing Pass! It's a Start...,653,458000,neighbor,,,,,drag_pass|build|race_vs,,,
330,l-AHw0XHbBE,Supercharged Cop Car TAKES DOWN Modded Corvette AND Mustang GT500!,1329,1100000,,crown_vic,corvette|mustang,,supercharged,,,,
329,6vJdH-fiRyY,"We Bought a Used 2-Car STACKER Trailer! Introducing ""Stacey the Stacker"" (SHE'S TALL!)",1061,872000,,,,,,purchase,,,
328,816F0j29rgY,Leroy's NEW 100% Billet Aluminum Intake Manifold! **PURE FREEDOM**,792,519000,,leroy,,,,,,,
327,qVSXg4tBuzM,Project Neighbor is RIPPING!! Chopped the Exhaust Off... Sounds Terrible!,791,615000,neighbor,,,,,build,,,
326,Vu699XLL_v8,Monica Broke Down in the Middle of Kansas... Leroy Saved Us All!,836,1300000,,leroy,,,,failure_or_crash,,,
325,lhVBBjtJm1g,Leroy DOMINATES In Denver's HIGH ALTITUDE Air! (Won the Stick Shift Class),1905,1200000,,leroy,,,,,,,
324,UJ_J8VQc7Gs,Meet the F-350 MEGA-RAPTOR! (Caution: Puts All Other Ford Raptors To Shame),767,4300000,,,f150_or_ford_truck,,,,,,
323,xsNkthFP2sY,"We Bought a GIANT RV! Her Name is Monica, She Loves Boost! *Full Tour*",879,1400000,,,,,turbo,purchase,,,
322,aE_lrZEEc94,Leroy GOES OFF! Our First 170+mph Pass and His NEW Record Time!!,1831,721000,,leroy,,,,drag_pass,,,
321,1X35-bGWpEY,We Put Leroy In a WIND TUNNEL! The Results Were HILARIOUS!,2440,2800000,,leroy,,,,,,,
320,4Fu_-LC7QtA,Burnout Patrol EP.7 - THE FIRST DRIVE! Project Neighbor Freaking RIPS!,1622,785000,burnout_event|neighbor,,,,,build|burnout,,,
319,G-hOKC6pNTU,PROBLEM FOUND! Leroy Makes a SMOOTH 1100+Horsepower Pull!,447,391000,,leroy,,,,failure_or_crash|purchase,1100,,
318,BGQcpDW4fCA,LEROY DOWN EP.2 - Now We Have a Serious Problem...,890,434000,,leroy,,,,failure_or_crash,,,
317,e07b6oevS0g,Burnout Patrol EP.6 - Neighbor Made WAY MORE Power Than We Expected!,1453,865000,burnout_event|neighbor,,,,,burnout,,,
316,SMu1_Gqpsc8,LEROY DOWN... Not Every Track Night Goes Smoothly + V's First Pass!,934,459000,,leroy,,,,drag_pass,,,
315,admsBxrQlhM,Burnout Patrol EP.5 - Project Neighbor COMES TO LIFE! (GT500 First Start Up),2096,1000000,burnout_event|neighbor,,mustang,,,build|first_fire|burnout,,,
314,d7AulLP5w5E,Burnout Patrol EP.4 - The NEW Supercharger Looks INSANE! (+Wiring/Transmission Update),734,512000,burnout_event,,,,supercharged,burnout,,,
313,rKxJETOT4pc,OH BABY! A HUGE New Supercharger For Our GT500 Swap! (IT'S BEAUTIFUL),1111,489000,,,mustang,,supercharged|engine_swap,build,,,
312,kN4Y5cI6Mh4,Burnout Patrol EP.3 - Cutting Out Room For FREEDOM.. GT500's Transmission Hardly Fits!,757,487000,burnout_event,,mustang,,,burnout,,,
311,bfY9vdhd7XA,"Dynoing Cooper's CTS-V on E85 ""Better Fuel, Better Power""",1013,508000,,,cadillac,,,,,,
310,EWvzuT14ewQ,Tested Leroy's NEW Turbos... Ended Up Breaking Our Record! (Quickest Pass EVER!),1209,572000,,leroy,,,turbo,drag_pass,,,
309,8Rg6csfHBr0,Leroy Gets NEW Bigger Badder Turbos!! **Boosted Freedom Alert**,755,412000,,leroy,,,turbo,,,,
308,YweLoSQzJcA,Burnout Patrol EP.2 - The GT500 Engine BARELY Fits! (Supercharger Is So Tall),709,608000,burnout_event,,mustang,,supercharged,burnout,,,
307,xiSfKIkg90o,Burnout Patrol EP.1 - Project Neighbor's GT500 Swap BEGINS!,985,482000,burnout_event|neighbor,,mustang,,engine_swap,build|burnout,,,
306,_yE06T_ZrDU,GIANT NITROUS SHOT vs. Retired Cop Car! *Glorious Explosion*,1131,1800000,,crown_vic,,,nitrous,race_vs,,,
305,GXQzhiqo2jg,Our Newly LSA Supercharged CTS-V1 Hits the Dyno! HOW MUCH POWWWAA!? (Pump Gas Only),1017,542000,,,,,supercharged,dyno,,,
304,FfDKIxN13Go,The Supercharged GT500 Drivetrain is Out! IT'S HUGE lol!,1190,519000,,,mustang,,supercharged,,,,
303,NAkQ5snMA_8,Assessing Our WRECKED GT500! This Engine Is a BEAST... What a Deal!,891,615000,,,mustang,,,failure_or_crash|purchase,,,
302,dYFbo-s2J8A,The V is Back! So We Took It RIPPING In The Rain! (Supercharger Sounds Unreal),775,483000,,,,,supercharged,,,,
301,g3qt6Lqre-U,Dale Truck Is Getting a NASTY NEW ENGINE!! *Infused With FREEDOM*,1765,529000,nascar_oval,,,,,,,,
300,SdUNcuxXvSY,I Drove Cooper's CTS-V and Immediately Broke It... Badly,1042,1100000,,,cadillac,,,failure_or_crash,,,
299,FRPu_4GqOS0,Leroy Resets His RECORD PASS Three Times In One Night! (WE WERE FLYING),1649,604000,,leroy,,,,drag_pass,,,
298,9pk4rvLSpY8,Cleetus Drives a Viper ACR... Cleetus Approves With Donuts! + TIDE TRUCK ACTION!,677,288000,,,mopar,,,,,,
297,29sq8aC0q0c,We Found Another STREET LEGAL NASCAR Truck! (IT'S SO CLEAN),724,760000,nascar_oval,,,,,purchase,,,
296,9RFYJd2rUCs,Leroy's FASTEST MPH Pass EVER! Hottest Conditions He's Ever Seen... (LS Fest West Day 3),1281,522000,,leroy,,,ls,drag_pass,,,
295,ihBC-ZRJUEQ,DRAG RACING IN VEGAS! Leroy Refuses To Slow Down! (LS Fest West Day 2),767,529000,,leroy,,,ls,drag_pass|race_vs,,,
294,vJy5Iag6ZaM,Leroy Goes INSANE At Hoonigan + We Try A REAL Drift Course! (LS Fest West Day 1),1948,1100000,,leroy,,,ls,drift,,,
293,hFsunC0NaXA,"Made It To VEGAS! White Buffalo Survived, Leroy Is Freaking Ready!",474,305000,,leroy,,,,,,,
292,vdFZdgfgmUo,Demolition Drag Racing My LIMO... IT SURVIVED! (Cleetus and Cars 2018),973,698000,cleetus_and_cars,,minivan_or_odd,,,drag_pass|race_vs,,,
291,pyO1kGmsQpU,Leroy's New Transmission Is INCREDIBLE! **Bald Eagle Alert** (Cleetus and Cars 2018),766,477000,cleetus_and_cars,leroy|eagle,,,,,,,
290,h7bHhyezLqY,OFF TO VEGAS!!! Leroy Takes on The Hoonigans + Drift/Drag/AutoX Competition! (LS Fest West),375,263000,,leroy,,,ls,drag_pass|drift,,,
289,Jv3Uy7NJYMA,Introducing The World's Fastest Demolition Drag Racing Car! (Boostedboiz Built),896,497000,,,,,,drag_pass|build|race_vs,,,
288,EW8JFHc9gws,WE DROVE THE V! Supercharger Sounds UNREAL... Ended Up Breaking Down lol,860,416000,,,,,supercharged,,,,
287,kunndzRG8cw,Leroy Gets Some MEATY 1500+hp Outlaw Axles! *Freedom Included*,1699,369000,,leroy,,,,,1500,,
286,TnrRDe5C-Gc,Supercharging the V' EP.5 - First Startup! WE HAVE POWAAA!,632,365000,,,,,supercharged,,,,
285,LCJ1PVpFfVo,We Bought the Wrecked GT500!! Immediately Attempted a Burnout!,806,669000,burnout_event,,mustang,,,failure_or_crash|purchase|burnout,,,
284,5-cDqeQjn6g,Leroy's New Transmission is INSANE... So Worth It! (Faceplated T56),499,727000,,leroy,,,,,,,
283,_pPDAvyYN3Y,WELL DANG! Found a CHEAP Wrecked GT500 For Project Neighbor!,373,407000,neighbor,,mustang,,,build|failure_or_crash|purchase,,,
282,jrO-xD5S97I,Cleetus Drives a Demon... Cleetus Approves With Large Burnout!,853,1100000,burnout_event,,mopar,,,burnout,,,
281,JW24aEu_8Do,FOUR Racing Seats In Project Neighbor... They Fit PERFECTLY!,557,343000,neighbor,,,,,build|race_vs,,,
280,Ct7Qel3nNUU,Leroy Gets a NEW Launch Control Setup **FREEDOM ALERT**,659,340000,,leroy,,,,drag_pass,,,
279,l-6yTghF3Yg,I Took My LIMO Drag Racing! (IT DOES BURNOUTS),769,1300000,,,minivan_or_odd,,,drag_pass|burnout|race_vs,,,
278,qdZCVmeADmU,Selling White Buffalo For THIS! A Very Tough Decision...,861,566000,,,,,,,,,
277,1wnumZqE5H8,I Bought a Freaking GIGANTIC Cheap Limo and It's Amazing... (TRIPLE AXLE lol),799,1100000,,,minivan_or_odd,,,purchase,,,
276,dI2D4qNlqbw,Supercharging the V' EP.4 - BLOWER IS ON... Looks INSANE! (+quickjack winner),829,352000,,,,,supercharged,,,,
275,eHvBwdFjsC0,THE COYOTE IS HERE!!! Project Neighbor Commences!,853,592000,neighbor,,mustang,,,build,,,
274,8F-nkuutpow,Supercharging the V' EP.3 - Trans & Clutch Are In! (+Mustache For Sale),643,294000,,,,,supercharged,,,,
273,yt1FTewo_dQ,Riding In a LEGIT 800hp Dale NASCAR! Absolutely RIPS! (8500rpm),905,1200000,nascar_oval,,,,,,800,,
272,Y2aEPpDpLv8,Supercharging the V' EP.2 - CAM and Rear Diff Install! (EXTREME BALD EAGLES),634,306000,,eagle,,,supercharged,build,,,
271,ZHzb6OfmHo4,Supercharging the V' EP.1 - Found Some CARNAGE! (teardown begins),621,324000,,,,,supercharged,purchase,,,
270,WAsJKWZp1NM,Lost To a HONDA at TX2K18! (Stick Shift Class Eliminations),622,367000,,,,,,,,,
269,LXeL-a8gHZQ,Leroy's High Boost Launch... FREAKING INSANE! (TX2K18 Day 2 Qualifying),708,622000,,leroy,,,turbo,drag_pass,,,
268,5w2bHXECZiI,Leroy Rips an 8 With a NASTY Launch! (TX2K18 Day 1 Testing),602,462000,,leroy,,,,drag_pass,,,
267,RWGB90GdvJQ,NEW Leroy Dyno Record... BOOST For Days! *FREEDOM ALERT*,1056,363000,,leroy,,,turbo,dyno|drag_pass,,,
266,SPpUadG6MRM,Testing Leroy's New Heads... Boost Feels CLEAN & MEAN!,715,359000,,leroy,,,turbo,,,,
265,7b43AqqvysA,LEROY'S ALIVE! New Heads/Turbo Upgrades... Sounds Like Freedom!,603,341000,,leroy,,,turbo,build|first_fire,,,
264,iChviQ-LeO8,Leroy's New Heads Are INSANE! Look At All That FREEDOM!,731,339000,,leroy,,,,,,,
263,owGnMbLz_fE,MEET MY NEW TRAILER! I'm in LOVE!,802,283000,,,,,,,,,
262,q6xDKi18xX0,Changing Up Leroy's Turbos! *Twin Turbski Alert*,1369,386000,,leroy,,,turbo,,,,
261,9x9JcVW2LBE,"""Adam LZ Taught Me This"" - The C7 RIPS Its Limiter! (as always)",761,622000,,,corvette,,,,,,
260,fFwQ92KDNFs,Pulled Over AGAIN! They Got Me This Time...,641,625000,,,,,,,,,
259,t42AAVaX4b0,Ripping Leroy for DEEP 8's... Failing Miserably! Welcome to Life,604,296000,,leroy,,,,drag_pass,,8.0,
258,QbFtCLIzNpI,We Tried To Valet My NASCAR... They Were NOT Amused!,482,942000,nascar_oval,,,,,,,,
257,Trr-_Sb5CN0,ANOTHER Transmission Swap For White Buffalo... Here’s Why,988,463000,,,,,engine_swap,build,,,
256,w4kygohyojI,Dyno Tuned Our NASCAR! *Daytona 500 Prep* lol,1060,543000,nascar_oval,,,,,dyno|build,,,
255,fEpnqRe9Nl8,OUR DYNO WORKS! So We Cranked Up Leroy's Boost! *Bardle Skeet Alert*,1194,497000,,leroy,,,turbo,dyno,,,
254,GG75GWI0bWQ,I Got PULLED OVER in my NASCAR! (too many bald eagles),605,7000000,nascar_oval,eagle,,,,,,,
253,mGlbn8XsARA,Project CTS-V FINALLY Begins! + Major Shop Update!,846,407000,,,cadillac,,,build,,,
252,r5BAREowyyA,I Took My NASCAR Drag Racing! *Extreme Freedom*,1113,1900000,nascar_oval,,,,,drag_pass|race_vs,,,
251,6hPX5te5q4U,Dale Truck Hits the STREETS! + Testing the 2-Step!,637,834000,nascar_oval,,,,,,,,
250,IFF-BFcIVcQ,Dale Truck's FIRST MODS! (Street Legal NASCAR),778,553000,nascar_oval,,,,,,,,
249,cNIFfE19WMk,Leroy LOVED Sebring! (HE ACTUALLY TURNS!!!!) + Bonus Burnout,1360,367000,burnout_event,leroy,,,,burnout,,,
248,M5zPcCgTLYQ,Took Leroy DRIFTING w/Adam LZ!! It Was an EPIC Time!,1679,430000,,leroy,,,,drift,,,
247,StoKtkY3Zjw,LEROY vs. TERRIFYING Daytona BANK TURNS! (seriously insane),1043,987000,nascar_oval,leroy,,,,race_vs,,,
246,AbMQDN6F1uU,I Lost To a FREAKING MINIVAN! It Was a 150mph SLEEPER!,1081,1900000,,,minivan_or_odd,,,,,,150
245,O0lbhliBI6s,Leroy Prep for the 1/2 MILE! This Will Be INSANE!,707,373000,,leroy,,,,build,,,
244,iK4xpzuwvBU,LEROY LIVES...1500hp Clutch First Start Up! + Jeremy Crashes the Crown Vic,914,366000,,leroy|crown_vic,,,,first_fire,1500,,
243,bX10ylLLcOM,I BOUGHT A LEGIT FREAKING NASCAR TRUCK!!!,686,1100000,nascar_oval,,,,,purchase,,,
242,wFEQs3PuNaY,NOOB Left Hand Shifting! Got GAPPED By MightyCarMods Cresta!,1333,499000,,,,,,,,,
241,Rl4pmTiEO6A,I Think I LOVE an Import... MightyCarMods Cresta Pulls,826,797000,,,,,,,,,
240,DNsm7DjPwaU,Turns Out I BROKE the Burnout Car! (out for the weekend),1005,303000,burnout_event,,,,,failure_or_crash|burnout,,,
239,m1PA3-G5efk,"I Nearly WRECKED a $100,000 Burnout Car! It Was INSANE!!",1254,565000,burnout_event,,,,,failure_or_crash|burnout,,,
238,dsrLjhoqUBY,Made It To Australia... Should I Impulse Buy This?? (It has an LS1!!),1069,1300000,,,,,ls,purchase,,,
237,OQTCq4J01PA,1000hp Supra Anti-Lag vs. Dried Up Christmas Tree!,712,1100000,,,supra,,,race_vs,1000,,
236,KXw1pXJOv8E,TOP 10 Cleetus McFarland Moments of 2017!,1853,1100000,,,,,,,,,
235,4nCCBub26wQ,We Raced a NEW Diesel Titan vs. a Hummer H1 (it was epic lol!),860,613000,,,,,diesel,race_vs,,,
234,vZWho48az5c,I Present To You the WORST 2nd Gear Shift EVER Recorded!,870,658000,,,,,,,,,
233,p9FmN_LewkQ,"Price is GREAT, Should We Buy This Engine!?! (2015 Coyote 5.0L)",540,379000,,,mustang,,,purchase,,,
232,bKRoTBUf6EQ,How High Can an Airbag LAUNCH a Spare Tire??,656,631000,,,,,,drag_pass,,,
231,M_Dg1Jy9yfk,"Project ""Neighbor"" is Getting BOOSTED!",684,411000,neighbor,,,,,build,,,
230,TwZnD_mJAQY,He Gave Me The Keys! 1000hp Supra RIPPIN!,602,234000,,,supra,,,,1000,,
229,kSSNgMGFgdA,FOUND THE PROBLEM! Lesson Learned...,606,311000,,,,,,failure_or_crash|purchase,,,
228,NN3Inx6hOGg,Listen To This Awful Noise... (Clutch Is REKT),787,292000,,,,,,,,,
227,HMbg9j6bqMQ,Girlfriend vs. Girlfriend Burnout Contest... Literally Started a Forest Fire,1037,830000,burnout_event,,,,,burnout|race_vs,,,
226,2K6ZvXYxKSk,So We Did a Thing... The Price Was TOO GOOD!,620,331000,,,,,,,,,
225,5F7edUEJUIc,How NOT To Install a Brand New Clutch... The Adventures of Breaking Leroy,866,209000,,leroy,,,,build,,,
224,x0gJ_aj80GU,"How Can We Pass This Up? GREAT Price, Hayabusa Swap?",674,454000,,,,motorcycle,engine_swap,drag_pass|build,,,
223,aDuPdvR6oCA,"Ghetto Boosting Project ""Neighbor"" On The Dyno!",1028,512000,neighbor,,,,,dyno|build,,,
222,MTx_WGnwfZQ,"Project ""Neighbor"" Goes Drag Racing, Manages EPIC Win!",1046,402000,neighbor,,,,,drag_pass|build|race_vs,,,
221,ONmcesOgBKk,"Picking Up a Christmas Tree With Leroy... Had a Few ""Issues""",938,340000,,leroy,,,,,,,
220,EOXZLqMVM1I,I'm Competing In Australia - The Ultimate Bald Eagle Mission,899,215000,,eagle,,,,,,,
219,2tI2xo8bYKk,Standing Behind TWO Jet Cars... Almost Died,727,620000,,jet_car_or_boat,,,,,,,
218,kIpWTorGRKs,Taking Leroy Through the Drive-Thru... Mountain Dew DISASTER lol!,1123,1100000,,leroy,,,,failure_or_crash,,,
217,2nBZrS-Y7ek,iPHONE vs. 1200hp SUPRA! (BENT & SHATTERED!),800,1900000,,,supra,,,race_vs,1200,,
216,kWSshlw3Egw,WRECKED Mustang at Auction Has Hidden NITROUS! Should We Buy It!?!,733,3000000,auction,,mustang,,nitrous,failure_or_crash|purchase,,,
215,gmkSCwv9OLU,NEED ADVICE! Which Do We Choose!? (Project Neighbor),1096,199000,neighbor,,,,,build,,,
214,TNixod3uh8Y,MPG's at FULL THROTTLE... IT'S SO BAD LOL! (840hp C7),859,244000,,,corvette,,,,840,,
213,sjZ1R-_F5lk,We KNEW This Was Coming... Quest For 7's Is Off To a BAD Start!,638,576000,,,,,,drag_pass,,7.0,
212,8vV8jCJdikI,The Quest for a 7 Second Pass... Do We Have the Horsepower?,1007,371000,,,,,,drag_pass,,,
211,hI6zR-6fdzI,It Finally Happened... The CTS-V is BROKEN!,844,357000,,,cadillac,,,,,,
210,ePXbNDZcNiw,WE BROKE THE STICK SHIFT CORVETTE WORLD RECORD!!! UNREAL PASS!,1052,942000,,,corvette,,,drag_pass|failure_or_crash,,,
209,htFQbePewCg,6 TURBO EXHAUST WHISTLES vs. 1000hp TWIN TURBO CORVETTE!,746,528000,,,corvette,,turbo,race_vs,1000,,
208,tOVT06jBGnw,"What REALLY Happened To ""Neighbor"" (project car delayed...)",943,398000,neighbor,,,,,build,,,
207,3vK6CfeH-is,FINALLY! Welcome To Our NEW SHOP!,907,354000,,,,,,,,,
206,rEH_pLoC_So,PUMPKIN vs. 1000hp SUPRA!,636,1100000,,,supra,,,race_vs,1000,,
205,5yiyEK03DUc,UNREAL! LEROY Makes The DREAM PASS!,896,834000,,leroy,,,,drag_pass,,,
204,QJOq30IWDAM,Got Cooper the ULTIMATE Bday Gift + Our Status On the YouTube Callout Race,979,272000,,,,,,race_vs,,,
203,nTEkKvpMRn8,RAM 3500 Update... Love it or Hate it? + NEW Shift Knob for Leroy,673,268000,,leroy,,,,,,,
202,yEyvVpm7t0I,NEW LEROY RECORD!!! The Fastest Pass of my Life...,943,600000,,leroy,,,,drag_pass,,,
201,5fi2rFsHD98,"The ""Holley Grail"" EP.6 - DYNO TIME! 1000+hp With EASE!",1469,456000,,,,,,dyno,1000,,
200,A1XgvdP3IaQ,Incredibly CLOSE Race! Bald Eagle Camaro ZL1 vs. A Freakin TESLA!,831,330000,,eagle,camaro|ev,,,race_vs,,,
199,KzPmtAPlryI,How To Get an EASY 100 Horsepower Out of the New Camaro!,637,438000,,,camaro,,,,100,,
198,PLTLXQ7wKLk,Can My 841hp C7 BEAT a 1000hp Supra!? BALD EAGLES vs. PANDAS!,639,666000,,eagle,corvette|supra,,,race_vs,841|1000,,
197,9i7Nm7evh8w,"The ""Holley Grail"" EP.5 - Leroy Is REBORN, This Is SICK!",935,320000,,leroy,,,,,,,
196,kmrBmjbpVRQ,"The ""Holley Grail"" EP.4 - New Dash, Headlights, and MORE!",605,287000,,,,,,,,,
195,BZ9jUntYdEg,AWD Launch Gone WRONG... (transmission explosion),560,659000,,,,,,drag_pass,,,
194,7s1vJdlGlvI,BRAND NEW Corvette Catches Fire After HUGE Burnout!,486,201000,burnout_event,,corvette,,,burnout,,,
193,DShK9nmNjfs,How I RUINED My Diesel's Transmission... Don't Ever Try This!,854,742000,,,,,diesel,,,,
192,yg3wpUN8Qc8,This Was a BAD Idea... Mall Security Came Immediately!,665,247000,,,,,,,,,
191,_Lb2sTtbQ8E,"The ""Holley Grail"" EP.3 - REBUILD Has Begun! (rewiring the bald eagles)",357,244000,,eagle,,,,build,,,
190,OpfauOCJSaM,Worst Wheel Hop EVER? Cooper Attempts To Explode Rear Diff Round #2,475,258000,,,,,,,,,
189,KbXfNFe0hFQ,"The ""Holley Grail"" EP.2 - Leroy Is Stripped To His Bones",273,234000,,leroy,,,,,,,
188,c0zuPaDjjzY,"The ""Holley Grail"" EP.1 - Adventures of Daletricity",611,244000,,,,,,,,,
187,gKtHAmRO7p8,We're BAGGING My Diesel *there's a good reason*,399,196000,,,,,diesel,,,,
186,WAkZHadcILM,*NEW Project Car* + Calling Out Street Speed 717!,602,383000,,,,,,build,,,
185,31NaMCQOxPw,My NEW Truck! I Finally Own a Diesel!,836,426000,,,,,diesel,,,,
184,CZG4BmIQoHg,I Should've Done This a LONG Time Ago...,523,392000,,,,,,,,,
183,lB-HZ_vrkzM,This is Getting Ridiculous...,886,411000,,,,,,,,,
182,uP0W7zax7lU,Our Hurricane Status... + Found a NEW Leroy,684,531000,,leroy,,,,purchase,,,
181,H2MRgdrMqzg,We FINALLY Weighed Leroy (turbo setup),710,272000,,leroy,,,turbo,,,,
180,_7ck703U8Xg,Cooper Attempts To Explode Rear Diff Round #1,954,469000,,,,,,,,,
179,9E3XgDGf95o,The TRUTH About Drag Racing... (at least for me),1329,324000,,,,,,drag_pass|race_vs,,,
178,8VMszuIOX30,Probably Our Worst Idea Yet... (gutted Tesla P100D),478,357000,,,ev,,,,,,
177,lScqIcSztZ8,I Lost To a FREAKING HONDA... RIP Leroy,781,1200000,,leroy,,,,failure_or_crash,,,
176,-SHZQ7mLEsI,They're Mounted... Car Looks AMAZING! (all the traction),820,334000,,,,,,,,,
175,hII1DS23Dgc,"Oh It's Back, and Has a SICK New Upgrade!",541,348000,,,,,,build,,,
174,CZGlUrkkg1k,Preparing For The Fastest Pass We've EVER Made!,489,317000,,,,,,drag_pass,,,
173,8EnCsmv7jGk,"CRAZY New Wheels (but wait, there's MORE!)",922,364000,,,,,,,,,
172,6U9Q8rNHCmc,So this is happening...,767,462000,,,,,,,,,
171,kI6ywgwZiFc,Is Leroy Street Legal? The One Question I'm Asked the Most...,352,412000,,leroy,,,,,,,
170,LPUaTEkCWeM,THE BIG RACE! (Leroy vs. Unicorn),1046,1000000,,leroy,,,,race_vs,,,
169,4q79pJ-9uYQ,We FIXED Leroy! Please let this work...,431,401000,,leroy,,,,build,,,
168,Q-yEViB0vmk,Leroy is BROKEN... I messed up,497,484000,,leroy,,,,,,,
167,cJeMs2sbcVg,Turbocharging Leroy Ep.10 - Testing the POWER/Getting Comfortable,801,420000,,leroy,,,,,,,
166,uUL8u1tBh40,Turbocharging Leroy Ep.9 - FIRST PASSES (fastest MPH yet!),757,675000,,leroy,,,,drag_pass,,,
165,4ICz12UcRCc,Turbocharging Leroy Ep.8 - 2-Step and Boost-by-Gear (epic sound),612,544000,,leroy,,,turbo,,,,
164,CVbnbfMljJQ,Turbocharging Leroy Ep.7 - 1000+hp ACHIEVED! (Dyno Part 2),879,662000,,leroy,,,,dyno,1000,,
163,YX9snJ7j-ug,Turbocharging Leroy Ep.6 - Street Tuning was SCARY FAST!,729,644000,,leroy,,,,,,,
162,q1-babJ4lJE,Boost Creep Repair... NEED This To Work,358,389000,,,,,turbo,,,,
161,BwYuaAyiIRY,Turbocharging Leroy Ep.5 - Making POWERRR! (Problematic Boost),1322,580000,,leroy,,,turbo,,,,
160,y6kXwinhXhs,Turbocharging Leroy Ep.4 - IT'S ALIVE (so much SPOOL),749,748000,,leroy,,,,first_fire,,,
159,NLUEwM5ev6Y,Turbocharging Leroy Ep.3 - THEY'RE ON (precision twin turbos),454,670000,,leroy,,,turbo,,,,
158,GnX7H-K7I1s,Turbocharging Leroy Ep.2 - Turbo Location?? (new engine is here),393,429000,,leroy,,,turbo,,,,
157,Z8xP3H6-oSY,Turbocharging Leroy Ep.1 - Ditching the Stock Engine (and supercharger),400,480000,,leroy,,,supercharged,,,,
156,Q-fbLgyvhSs,Leroy's INSANE New Engine! (serious power),939,636000,,leroy,,,,,,,
155,2yVK2nNnmUE,Spark Plug vs. Window (that was EASY),285,1400000,,,,,,race_vs,,,
154,U8wW0lj9A3g,FINALLY... It's Going Down! (all the boost),423,594000,,,,,turbo,,,,
153,LmEL4URc630,FASTEST PASS OF MY LIFE! (insane launch),1297,594000,,,,,,drag_pass,,,
152,pNV7dY1n8Mw,LOL I Scared My Boss (Owner of 1320Video),861,1400000,,,,,,,,,
151,doon9eVjgqA,MAJOR Frustrations at the Track... (not what I expected),1139,335000,,,,,,,,,
150,6_6MD31vfAE,Broke It RIGHT Before Racing... (you'll never guess how),1043,343000,,,,,,failure_or_crash|race_vs,,,
149,aDnEkNT8lp8,R.I.P. Boosted RAM (it will be missed),372,311000,,,,,,,,,
148,PH4seHDHTVU,Trolling a Supra Driver After CLOSE RACE (I had to),643,1100000,,,supra,,,race_vs,,,
147,pc786PIDcew,Supercharging Leroy Ep.8 - Dyno Day (big fireballs),661,517000,,leroy,,,supercharged,dyno,,,
146,uU3bGIUyn4g,Supercharging Leroy Ep.7 - Exo Cage is INSANE! (spoiler alert),496,624000,,leroy,,,supercharged,,,,
145,BfqiJKfz4i0,Re-Tuning the C7 at 14psi of Boost + Ethanol - How Much Will It Make??,961,282000,,,corvette,,turbo,,,,
144,umzZazUVnfg,"5th Gear, 165mph Burnout EXPLOSION (too far?)",505,781000,burnout_event,,,,,burnout,,,165
143,n7x0YNItII8,Supercharging Leroy Ep.6 - ROLL CAGE (and First Burnout w/blower),427,545000,burnout_event,leroy,,,supercharged,burnout,,,
142,xaLo4PBCIGg,Supercharging Leroy Ep.5 - IT'S SCARY FAST! (first drive),693,1000000,,leroy,,,supercharged,,,,
141,vXZXbrGVNyw,Supercharging Leroy Ep.4 - IT SOUNDS AMAZING! (first start up),730,444000,,leroy,,,supercharged,first_fire,,,
140,6GHN2Ci0U3Y,Supercharging Leroy Ep.3 - Blower Is On! (LSA LS1),871,389000,,leroy,,,supercharged|ls,,,,
139,Vn_ZAV3dAY8,Supercharging Leroy Ep.2 - Heads/Cam/Clutch & BAD NEWS,239,285000,,leroy,,,supercharged,,,,
138,2OqChz0dIHg,RIPPING The World's Fastest ATS-V! (it FLYS),452,642000,,,,,,,,,
137,OFL3L7O1d_c,Supercharging Leroy Ep.1 - Dropping The Drivetrain,247,303000,,leroy,,,supercharged,,,,
136,7E8CxLk6z0Q,Launching a GT-R In The Airport Arrivals Lane,609,266000,,,nissan,aircraft,,,,,
135,7jtGncSvaHI,Hours of Hard Work and THIS is What Happens,698,389000,,,,,,,,,
134,o2rn1bwHHRE,Fidget Spinner vs. 850psi (didn't end well),410,5200000,,,,,,race_vs,,,
133,J2XV2yOF6v8,Demon Price REVEALED! (Surprisingly Cheap),275,259000,,,mopar,,,,,,
132,XFSUs6PdI0E,The most random video I've ever uploaded,279,120000,,,,,,,,,
131,gosxG_mXV3U,6th Gear Shifter Karting! Small Crash and ETHANOL!,670,297000,,,,,,failure_or_crash,,,
130,dNYOMGNXx3U,Diesel Mods COMPLETE! This Is The Best Part...,362,586000,,,,,diesel,,,,
129,O-Rp3iDQsP8,Launched an Alpha GTR.. Told The COP This!,1027,1000000,,,nissan,,,,,,
128,GF_T3pWDMXE,Exotic Shopping With My Girlfriend!,709,1700000,,,,,,,,,
127,or_SSxSjOg0,"Incoming BOOST... $8,000 Worth Of Parts For Leroy!",692,448000,,leroy,,,turbo,,,,
126,UCgmTtaS6C0,Diesel Newb Scared By 60+PSI AWD Launch!,1208,1600000,,,,,diesel,drag_pass,,,
125,rDp9Cy9U2po,Leroy Stripped Corvette vs. RAT ROD Race!,617,397000,,leroy,corvette,,,race_vs,,,
124,q4WVRJqAeZg,Easiest Way To BLOW Your Engine... Tried It Anyway!,435,1000000,,,,,,,,,
123,qevp5wzJWB4,I Really Messed Up Leroy...,434,244000,,leroy,,,,,,,
122,Yqihdh6oUBY,Giant Balloons vs. 841hp Corvette,357,265000,,,corvette,,,race_vs,841,,
121,VfYSt5R5Z1c,Boosted RAM Update: THAT SOUND!!!,1276,274000,,,,,,,,,
120,4YaJY6dKJ5s,Redneck Drives 1000hp SUPRA... Totally Surprised,332,784000,,,supra,,,,1000,,
119,z_OUGYul7bQ,This Is DEMOLITION DRAG RACING!,450,468000,,,,,,drag_pass|race_vs,,,
118,5Fe3ub76pb4,6th Gear Burnout Has INSANE Tire Explosion!,955,747000,burnout_event,,,,,burnout,,,
117,IWCXeU9_Hxk,Turbo Keychain vs. 850psi (Didn't End Well),607,5300000,,,,,turbo,race_vs,,,
116,gX622LYbIxY,How Slow Can You Go In 7th Gear?,388,1400000,,,,,,,,,
115,yWK4-yCG3HU,WE BOUGHT A NEW CAR! Runs Perfect!,542,491000,,,,,,purchase,,,
114,N6AMfm_6PqA,MY CLUTCH IS FRIED!,789,243000,,,,,,,,,
113,ttldaEHlZZs,Grant Got SPANKED By a Mustang lol! ZR1 Fail...,448,162000,,,corvette|mustang,,,,,,
112,Nt-JPcFM_Qg,We FINALLY Weighed Leroy!,927,394000,,leroy,,,,,,,
111,kpEXE2431ko,Leroy's NEW Dyno Numbers! This Engine is a FREAK!,472,459000,,leroy,,,,dyno,,,
110,_OtKmFttytQ,Larry Drives Leroy... We DRILLED a Cone lol!,330,347000,,leroy,,,,,,,
109,HJ5ZCrUy58Y,They Actually Let Me Drive It (Air Shifter Is SICK),1448,1200000,,,,,,,,,
108,MGmvavtwOAg,WELL DAMN! Shifter Kart vs. Yamaha YZ 450F!,476,548000,,,,,,race_vs,,,
107,xiuy9m00y_w,Leroy Is Getting BOOSTED!,683,479000,,leroy,,,,,,,
106,rny1vYRyDyI,First Time In a Supra? 1200 Horsepower Should Do!,346,416000,,,supra,,,,1200,,
105,QEbjanCflSQ,NEW World Record! Will Anyone Beat Us?? (Featuring Larry Enticer),425,412000,,,,,,drag_pass,,,
104,a2HvKsIFyF4,Leroy Hits The DYNO! How Much Will He Make???,1061,579000,,leroy,,,,dyno,,,
103,kh8fe8bnwm0,Why I'm CALLING OUT 1320Video!,415,486000,,,,,,,,,
102,HndCgqN7KyA,NO WAY! We Got Some NEWS About The Supra/Sheriff Video!,349,262000,,,supra,,,,,,
101,y_fzxkP1Ysc,Sheriff Truck Watches Street Race... TROLLS Supra!,221,540000,,,supra,,,race_vs,,,
100,PAI9YQ3Q-mM,Why My Lug Nuts Cost $600,262,365000,,,,,,,,,
99,LNn8mRXoXKU,Leroy Got NEW WHEELS! Do We Keep Them??,1011,457000,,leroy,,,,,,,
98,2HVWePwEoPo,I'm Tired Of Lame Burnouts... This Is How It's Done!,244,540000,,,,,,burnout,,,
97,Moq7N7MPWw4,Shifter Kart DRAG RACE! They're Not Meant For This!,290,200000,,,,,,drag_pass|race_vs,,,
96,FGuUAXx9TOw,I BOUGHT A NEW CAR AND IT'S INSANE!,359,1400000,,,,,,purchase,,,
95,pGVnS0mmMys,WINE GLASS vs. 1000hp SUPRA!,606,2300000,,,supra,,,race_vs,1000,,
94,nk_gts2KI9M,LOL PARTY WHISTLES vs. 841hp CORVETTE EXHAUST!,349,908000,,,corvette,,,race_vs,841,,
93,Ylp9kH5j_L8,BURNOUT FAIL - AND I CAUGHT IT ON CAMERA!,265,301000,burnout_event,,,,,burnout,,,
92,5Yo8Sv2VWJo,I DID IT... But Got Roasted By a Diesel Owner,404,452000,,,,,diesel,,,,
91,1kdxoSGGaR0,FIRST LOOK! Chevy's NEW CAMARO is CRAZY ! (ZL1 1LE),618,596000,,,camaro,,,,,,
90,o8P8ztiWu3w,We DYNO TUNED My Shifter Kart!,480,380000,,,,,,dyno,,,
89,Kltzc6E-jy4,MY CORVETTE GOT NEW WHEELS!,514,235000,,,corvette,,,,,,
88,oUj8idRkoaY,Something We've Always Wanted To Do!,525,190000,,,,,,,,,
87,Dv_PeMvQjHY,IT LOCKED UP THE ENGINE! R.I.P. Crown Vic!,293,297000,,crown_vic,,,,,,,
86,rHabKKMVPS0,16 DUCK CALLS vs. 841hp CORVETTE!,712,1600000,,,corvette,,,race_vs,841,,
85,xSH1FjS6h-g,Well It Got The Job Done!,399,263000,,,,,,,,,
84,KxboaZO_G3Y,We Hooked a GIANT BALLOON To My ProCharger!,634,546000,,,,,supercharged,,,,
83,xC1_bRB4VmM,At Least I Got It On Camera... WRECKED,605,828000,,,,,,failure_or_crash,,,
82,u4fpAWLgBhI,We Weighed Our Cars! SUPRA vs. CORVETTE!,430,192000,,,corvette|supra,,,race_vs,,,
81,-DvoWX6ee_M,MTV CRIBS: Cleetus' Amazing Trailer!,613,150000,,,,,,,,,
80,hMth_gqlGt4,We Hooked a Duck Call to my ProCharger!,605,967000,,,,,supercharged,,,,
79,YnJjZ48ujJ8,WE SPRAY PAINTED HIS CAR!,771,394000,,,,,nitrous,,,,
78,sVA2os7M_jk,MY NEW CAR - IT'S BURNOUT TIME!,699,295000,burnout_event,,,,,burnout,,,
77,dZMEObHCeFQ,BOOSTED Ram Update: IT'S ALIVE and SOUNDS SO GOOD!,611,876000,,,,,,first_fire,,,
76,_PfHmAoCg2A,3D PRINTING A MINI LS3 ENGINE!  (3D Print At Home For CHEAP),212,111000,,,,,ls,,,,
75,2BixZWf5zmI,12 TURBO EXHAUST WHISTLES vs. 841hp CORVETTE!,726,7600000,,,corvette,,turbo,race_vs,841,,
74,koD_h5TspBA,CAR HACK: EASY Check Engine Light Fix!,66,63000,,,,,,build,,,
73,XaU9XjVxR0U,AZN and I Got PULLED OVER by an ANGRY Cop!,246,355000,,,,,,,,,
72,84Cb1CuEaRE,Rob Ferretti Rides In My 841hp Corvette!,609,229000,,,corvette,,,,841,,
71,WCBHE3EsQ7A,World's Biggest Blow Off Valve (It's HEAVY!),199,632000,,,,,,,,,
70,bowwurWw2ME,Watching Burnouts From a Helicopter!,229,39000,,,,aircraft,,burnout,,,
69,o0SmMt0faS4,MY FIRST AUSTRALIAN BURNOUT RIDE!,265,147000,burnout_event,,,,,burnout,,,
68,eHRPM_sDIsM,MOBILE SPEED CAMERA VEHICLE!?! My Nightmare!,111,57000,,,,,,,,,
67,6eBxd84M7s0,A**HOLE Biker Stunts Around My Car... Taught Him a Lesson!,389,269000,,,,,,,,,
66,G-WgUbJ4aBQ,LOL I GPS Tracked How Fast My Flight Accelerated!,331,215000,,,,,,,,,
65,vVUnA584mMo,CHEAP FOAM CANNON First Run! Worth It?,284,581000,,,,,,,,,
64,bJJOnIcZuJc,I'm Leaving The Country... For a Damn Good Reason,131,73000,,,,,,,,,
63,MMb2IXqi3wQ,GLOWING HOT KNIFE vs. CAR TIRE!,305,3100000,,,,,,race_vs,,,
62,jsmvV30u6wM,Grandma Drives 900hp Corvette! Goes 118mph!,301,671000,,,corvette,,,,900,,118
61,rGLYCKnytqE,Budget Racing Simulator!?! SO SICK!,508,759000,,,,,,race_vs,,,
60,Hr5JcHQTV48,Manual Transmission With Paddle Shifters!?!,361,794000,,,,,,,,,
59,fSBiDVBtaMU,"Why I Spent $2,000 On My Driver's Seat!",331,307000,,,,,,,,,
58,bXCCOo-uTeY,What Happens If You Pull An Electronic Parking Brake While Driving?,305,4500000,,,,,,,,,
57,0udyyeirIq0,My Girlfriend Learns STICK In a 900hp Corvette!,727,1000000,,,corvette,,,,900,,
56,K4wpjairMCc,How I Modified My Car To OVER 900hp!,341,403000,,,,,,,900,,
55,uukzTxpfYyg,EXTREME Go-Karting on 6-Speed Shifter Karts!,283,267000,,,,,,,,,
54,A4TgCZJjnU0,BOOSTED Ram Update: SUPERCHARGER INSTALLED!,221,269000,,,,,supercharged,build,,,
53,le3V9CQXzXU,REINDEER ANTLERS vs. 850hp CORVETTE!,331,192000,,,corvette,,,race_vs,850,,
52,UYzKhBvUCvA,TURBO EXHAUST WHISTLES vs. 841hp CORVETTE!,436,14000000,,,corvette,,turbo,race_vs,841,,
51,v0-CCNpXJwY,The FASTEST Stick Shift Pass I've Ever Made!,341,156000,,,,,,drag_pass,,,
50,5Efg377JKUI,100+MPH in a DRIVEWAY!? Savage Mosler Ride Along!,158,123000,,,,,,,,,
49,33RPfyzSd7s,Trolling People In My Corvette - Mini-Hands FTW!,117,245000,,,corvette,,,,,,
48,FhRfTTZY9Fk,"This Is What 25,000 Horsepower Looks Like!",150,39000,,,,,,,,,
47,P0iITbdkFvc,Nitrous RZR 1000 On The STREETS + Drive-Thru!,287,683000,,,,offroad_utv,nitrous,,,,
46,-bmgza2vIOU,Kayla's 1200hp Corvette,211,574000,,,corvette,,,,1200,,
45,HwtlSoPGnUI,How I Got My Job At 1320Video,796,647000,,,,,,,,,
44,IC0ELRjPf5Y,What Nitrous Guys Do In Their Free Time...,34,49000,,,,,nitrous,,,,
43,A4mxCKjHK48,My Corvette Just Made SO MUCH POWER! R.I.P. My Engine,680,335000,,,corvette,,,,,,
42,-6jqE_J4cVM,How To Get On STREET OUTLAWS!,247,686000,,,,,,,,,
41,lzaktW3XIfo,Street Car MANNEQUIN CHALLENGE! Best One Yet?,36,58000,,,,,,,,,
40,aerJ6iqFsQc,"Guess The Horsepower, WIN My Signed C7 Engine Cover!",74,17000,,,corvette,,,,,,
39,uPmGkMDRSsw,Giant Turbo Diesel Cadillac... OH MY LAWD!,43,52000,,,,,turbo|diesel,,,,
38,Hy_PN4BCVms,THERE'S A T-REX ON THE TRACK!,60,22000,,,,,,,,,
37,x6DYvYxeVU0,BURNOUTS vs. PUMPKINS!,369,134000,,,,,,burnout|race_vs,,,
36,1Esy8qTHTOk,Driving A 700+hp BIG TURBO Evo! - 1320Video Live Feed,649,99000,,,,,turbo,,700,,
35,W-SeL3VO19Q,Can You Modify A Leased Vehicle? Here's How....,210,307000,,,,,,,,,
34,xZGQYJsqIhA,My Leased Ram 1500 is Getting BOOSTED!,296,192000,,,,,,,,,
33,eYujcQ7rHLA,"Be Careful When You Yell  ""Do a Burnout"" To An Australian Guy...",56,112000,burnout_event,,,,,burnout,,,
32,SUhVf-dHEso,The Most American Nitrous Bottle EVER! (Secret Message),63,29000,,,,,nitrous,,,,
31,bd_WpaKMQjI,Opening Up a Special Package From Nitrous Outlet!,166,22000,,,,,nitrous,,,,
30,LYYodS9-h7k,Dyno Tuning My ProCharged Corvette - 1320Video Live Feed,232,30000,,,corvette,,,dyno,,,
29,5s1A2LHyOZI,BREAKING NEWS - MY CORVETTE IS MAGICAL!,168,121000,,,corvette,,,,,,
28,-q6Lll-qDm0,What's Next For My C7 Corvette? ProCharger... Nitrous... BOTH!,206,27000,,,corvette,,supercharged|nitrous,,,,
27,WKe37jdw0R4,CATCHING MONSTER TUNA!,291,27000,,,,,,,,,
26,NMIMr8gec88,1400hp LSx Willys Ride Along - 1320Video Live Feed At SCT St. Louis!,707,176000,texas_or_events,,,,ls,,1400,,
25,4UgwhGIZ6Y4,LSX Willys' NEW 1400+hp Setup! Start-up and REVS!,81,51000,,,,,ls,,1400,,
24,kQgFznuY10U,"The Origin of ""Let Er Rip Tater Chip"" + INSANE Burnout From Sketchy Vert & Bikes!",79,95000,burnout_event,,,,,failure_or_crash|burnout,,,
23,UOuhng8akns,U-Turn Like a BOSS - 1000+hp Corvette Drift!,31,67000,,,corvette,,,drift,1000,,
22,twg1anE-Vn8,BURNOUTS IN A TROPICAL STORM!,32,43000,,,,,,burnout,,,
21,vm2k04pcqVg,Cleetus McFarland's 800hp ProCharged C7 Corvette!,272,228000,,,corvette,,,,800,,
20,PtM-igv4_EQ,BLEW BY A COP AT 120+mph! OOPS!,96,686000,,,,,,failure_or_crash,,,
19,3YdF9clpHnc,PSOCM Agency Seeks To Pass Bill Banning Mustangs From Car Meets,112,169000,,,mustang,,,drag_pass,,,
18,R_-ueU2KDF0,Nissan GTR Crashes OVER Track Wall! OUCH!,55,110000,,,nissan,,,,,,
17,IDQ9QygSd-8,First test carbon cub on floats with CRASH (2009),106,83000,,,,,,failure_or_crash,,,
16,Ir6yKHJ1oII,RC Boat Proboat Formula Fastech Brushless Crash,158,146000,,,,boat|rc,,failure_or_crash,,,
15,N51o5bmhX_I,Got an hour long Rollback video coming at you guys tomorrow! #shorts #cleetusmcfarland,,712000,,,,,,,,,
14,Aoe-fIsfQFQ,F-150 hits SO HARD! This truck is unreal. #Cleetus #F150 #Whipple,,2400000,,,f150_or_ford_truck,,supercharged,,,,
13,wNgFd0IAiWQ,This guy brought us an LS Swapped Airplane 😳😳😳 #cleetusmcfarland #carengine,,3400000,,,,,ls|engine_swap,build,,,
12,pPrHnPWu2_E,How can they sell them like this?? #Ford #cleetusmcfarland,,7600000,,,,,,,,,
11,JvLjwRUTeNg,Man these Porsche Turbo’s can really launch hard 👀 #cleetusmcfarland,,1100000,,,porsche,,turbo,drag_pass,,,
10,4_Ya2yrhLLs,Closed course and thats actually the stig driving 🇺🇸 #McFarlandRacing #Turbski #Shorts,,787000,,,,,,,,,
9,vFViq3_TQPg,Leroy is going 6’s… it’s a fact #LeroytheSavage,,722000,,leroy,,,,,,,
8,qRxAvlHjI7A,George didn’t know what was coming for him 😂 Giveaway just went live for our SuperCharged F150 🇺🇸,,7000000,,,f150_or_ford_truck,,supercharged,,,,
7,YJbBzghrcK8,2000+HP Lamborghini Crashes Into Lake Angle #2,,1900000,,,exotic,,,,2000,,
6,Dg33Ho3Rif0,2000HP Twin Turbo Lamborghini Wrecks Into Lake!,,575000,,,exotic,,turbo,,2000,,
5,bkY-d06yS7I,"LIVE STREAM Trash Talk With Vaughn Gittin Jr., Adam LZ, Taylor Ray and Chelsea DeNofa",3005,332000,,,,,,,,,
4,GIYb0WAe4k0,FIRST DRIVE in the Bald Eagle Machine w/Its NEW Texas Speed LTX!!! (Break in Miles!),1275,860000,texas_or_events,eagle,,,,,,,
3,ExFjj0jfZCA,Live Feed - Watching the C8 Corvette REVEAL EVENT!,5525,552000,,,corvette,,,,,,
2,lrhytx8ND0Y,Live Feed - Deciding on Cleetus' NEW Daily Driver... SEND HELP!,1999,391000,,,,,,,,,
1,g4Cj5GKeiKI,Live Feed QUEST For 1 MILLION SUBSCRIBERS!!! + Watching Our Old Videos!,8399,1400000,,,,,,,,,
